Block,Date,Randomized.ID,ObsID,Host,Treatment,Count.Replicate,Count,Population.Estimate,Male
2,28-Aug-19,5,1321,CB4856,Exposed,1,18,13050,
2,28-Aug-19,5,1322,CB4856,Exposed,2,15,10875,
2,28-Aug-19,5,1323,CB4856,Exposed,3,22,15950,
2,28-Aug-19,5,1324,CB4856,Exposed,4,13,9425,
2,28-Aug-19,5,1325,CB4856,Exposed,5,13,9425,
2,28-Aug-19,5,1326,CB4856,Exposed,6,14,10150,
2,28-Aug-19,6,1327,N2,Exposed,1,10,7250,
2,28-Aug-19,6,1328,N2,Exposed,2,12,8700,
2,28-Aug-19,6,1329,N2,Exposed,3,8,5800,
2,28-Aug-19,6,1330,N2,Exposed,4,12,8700,
2,28-Aug-19,6,1331,N2,Exposed,5,13,9425,
2,28-Aug-19,6,1332,N2,Exposed,6,7,5075,
2,28-Aug-19,10,1339,CB4856,Control,1,35,25375,
2,28-Aug-19,10,1340,CB4856,Control,2,47,34075,
2,28-Aug-19,10,1341,CB4856,Control,3,47,34075,
2,28-Aug-19,10,1342,CB4856,Control,4,39,28275,
2,28-Aug-19,10,1343,CB4856,Control,5,47,34075,
2,28-Aug-19,10,1344,CB4856,Control,6,57,41325,
2,28-Aug-19,11,1345,CB4856,Exposed,1,32,23200,
2,28-Aug-19,11,1346,CB4856,Exposed,2,40,29000,
2,28-Aug-19,11,1347,CB4856,Exposed,3,33,23925,
2,28-Aug-19,11,1348,CB4856,Exposed,4,50,36250,
2,28-Aug-19,11,1349,CB4856,Exposed,5,48,34800,
2,28-Aug-19,11,1350,CB4856,Exposed,6,40,29000,
2,28-Aug-19,13,1357,N2,Exposed,1,3,2175,
2,28-Aug-19,13,1358,N2,Exposed,2,8,5800,
2,28-Aug-19,13,1359,N2,Exposed,3,7,5075,
2,28-Aug-19,13,1360,N2,Exposed,4,10,7250,
2,28-Aug-19,13,1361,N2,Exposed,5,2,1450,
2,28-Aug-19,13,1362,N2,Exposed,6,3,2175,
2,28-Aug-19,16,1369,N2,Control,1,87,63075,
2,28-Aug-19,16,1370,N2,Control,2,59,42775,
2,28-Aug-19,16,1371,N2,Control,3,71,51475,
2,28-Aug-19,16,1372,N2,Control,4,64,46400,
2,28-Aug-19,16,1373,N2,Control,5,70,50750,
2,28-Aug-19,16,1374,N2,Control,6,60,43500,
2,28-Aug-19,20,1381,N2,Control,1,38,27550,
2,28-Aug-19,20,1382,N2,Control,2,37,26825,
2,28-Aug-19,20,1383,N2,Control,3,38,27550,
2,28-Aug-19,20,1384,N2,Control,4,43,31175,
2,28-Aug-19,20,1385,N2,Control,5,37,26825,
2,28-Aug-19,20,1386,N2,Control,6,40,29000,
2,28-Aug-19,25,1387,N2,Control,1,36,26100,
2,28-Aug-19,25,1388,N2,Control,2,41,29725,
2,28-Aug-19,25,1389,N2,Control,3,30,21750,
2,28-Aug-19,25,1390,N2,Control,4,25,18125,
2,28-Aug-19,25,1391,N2,Control,5,31,22475,
2,28-Aug-19,25,1392,N2,Control,6,50,36250,
2,28-Aug-19,31,1405,CB4856,Exposed,1,9,6525,
2,28-Aug-19,31,1406,CB4856,Exposed,2,19,13775,
2,28-Aug-19,31,1407,CB4856,Exposed,3,20,14500,
2,28-Aug-19,31,1408,CB4856,Exposed,4,18,13050,
2,28-Aug-19,31,1409,CB4856,Exposed,5,23,16675,
2,28-Aug-19,31,1410,CB4856,Exposed,6,14,10150,
2,28-Aug-19,33,1411,N2,Control,1,42,30450,
2,28-Aug-19,33,1412,N2,Control,2,37,26825,
2,28-Aug-19,33,1413,N2,Control,3,38,27550,
2,28-Aug-19,33,1414,N2,Control,4,52,37700,
2,28-Aug-19,33,1415,N2,Control,5,46,33350,
2,28-Aug-19,33,1416,N2,Control,6,28,20300,
2,28-Aug-19,35,1417,CB4856,Control,1,46,33350,
2,28-Aug-19,35,1418,CB4856,Control,2,45,32625,
2,28-Aug-19,35,1419,CB4856,Control,3,37,26825,
2,28-Aug-19,35,1420,CB4856,Control,4,44,31900,
2,28-Aug-19,35,1421,CB4856,Control,5,42,30450,
2,28-Aug-19,35,1422,CB4856,Control,6,41,29725,
2,28-Aug-19,37,1423,N2,Exposed,1,52,37700,
2,28-Aug-19,37,1424,N2,Exposed,2,59,42775,
2,28-Aug-19,37,1425,N2,Exposed,3,55,39875,
2,28-Aug-19,37,1426,N2,Exposed,4,46,33350,
2,28-Aug-19,37,1427,N2,Exposed,5,50,36250,
2,28-Aug-19,37,1428,N2,Exposed,6,54,39150,
2,28-Aug-19,39,1429,CB4856,Exposed,1,35,25375,
2,28-Aug-19,39,1430,CB4856,Exposed,2,31,22475,
2,28-Aug-19,39,1431,CB4856,Exposed,3,35,25375,
2,28-Aug-19,39,1432,CB4856,Exposed,4,40,29000,
2,28-Aug-19,39,1433,CB4856,Exposed,5,54,39150,
2,28-Aug-19,39,1434,CB4856,Exposed,6,50,36250,
2,28-Aug-19,42,1435,N2,Exposed,1,9,6525,
2,28-Aug-19,42,1436,N2,Exposed,2,6,4350,
2,28-Aug-19,42,1437,N2,Exposed,3,10,7250,
2,28-Aug-19,42,1438,N2,Exposed,4,7,5075,
2,28-Aug-19,42,1439,N2,Exposed,5,12,8700,
2,28-Aug-19,42,1440,N2,Exposed,6,5,3625,
2,28-Aug-19,46,1447,CB4856,Exposed,1,9,6525,
2,28-Aug-19,46,1448,CB4856,Exposed,2,5,3625,
2,28-Aug-19,46,1449,CB4856,Exposed,3,9,6525,
2,28-Aug-19,46,1450,CB4856,Exposed,4,11,7975,
2,28-Aug-19,46,1451,CB4856,Exposed,5,11,7975,
2,28-Aug-19,46,1452,CB4856,Exposed,6,6,4350,
2,28-Aug-19,47,1453,N2,Exposed,1,55,39875,
2,28-Aug-19,47,1454,N2,Exposed,2,62,44950,
2,28-Aug-19,47,1455,N2,Exposed,3,52,37700,
2,28-Aug-19,47,1456,N2,Exposed,4,67,48575,
2,28-Aug-19,47,1457,N2,Exposed,5,68,49300,
2,28-Aug-19,47,1458,N2,Exposed,6,63,45675,
2,28-Aug-19,52,1465,N2,Control,1,84,60900,
2,28-Aug-19,52,1466,N2,Control,2,89,64525,
2,28-Aug-19,52,1467,N2,Control,3,122,88450,
2,28-Aug-19,52,1468,N2,Control,4,89,64525,
2,28-Aug-19,52,1469,N2,Control,5,108,78300,
2,28-Aug-19,52,1470,N2,Control,6,101,73225,
2,28-Aug-19,56,1477,N2,Exposed,1,5,3625,
2,28-Aug-19,56,1478,N2,Exposed,2,4,2900,
2,28-Aug-19,56,1479,N2,Exposed,3,10,7250,
2,28-Aug-19,56,1480,N2,Exposed,4,6,4350,
2,28-Aug-19,56,1481,N2,Exposed,5,10,7250,
2,28-Aug-19,56,1482,N2,Exposed,6,10,7250,
2,28-Aug-19,61,1495,N2,Exposed,1,30,21750,
2,28-Aug-19,61,1496,N2,Exposed,2,27,19575,
2,28-Aug-19,61,1497,N2,Exposed,3,28,20300,
2,28-Aug-19,61,1498,N2,Exposed,4,36,26100,
2,28-Aug-19,61,1499,N2,Exposed,5,31,22475,
2,28-Aug-19,61,1500,N2,Exposed,6,18,13050,
2,28-Aug-19,63,1507,N2,Control,1,55,39875,
2,28-Aug-19,63,1508,N2,Control,2,70,50750,
2,28-Aug-19,63,1509,N2,Control,3,63,45675,
2,28-Aug-19,63,1510,N2,Control,4,67,48575,
2,28-Aug-19,63,1511,N2,Control,5,71,51475,
2,28-Aug-19,63,1512,N2,Control,6,77,55825,
2,28-Aug-19,64,1513,N2,Exposed,1,74,53650,
2,28-Aug-19,64,1514,N2,Exposed,2,50,36250,
2,28-Aug-19,64,1515,N2,Exposed,3,71,51475,
2,28-Aug-19,64,1516,N2,Exposed,4,60,43500,
2,28-Aug-19,64,1517,N2,Exposed,5,59,42775,
2,28-Aug-19,64,1518,N2,Exposed,6,66,47850,
2,28-Aug-19,68,1525,CB4856,Exposed,1,21,15225,
2,28-Aug-19,68,1526,CB4856,Exposed,2,38,27550,
2,28-Aug-19,68,1527,CB4856,Exposed,3,27,19575,
2,28-Aug-19,68,1528,CB4856,Exposed,4,20,14500,
2,28-Aug-19,68,1529,CB4856,Exposed,5,24,17400,
2,28-Aug-19,68,1530,CB4856,Exposed,6,23,16675,
2,28-Aug-19,69,1531,N2,Control,1,56,40600,
2,28-Aug-19,69,1532,N2,Control,2,67,48575,
2,28-Aug-19,69,1533,N2,Control,3,54,39150,
2,28-Aug-19,69,1534,N2,Control,4,58,42050,
2,28-Aug-19,69,1535,N2,Control,5,59,42775,
2,28-Aug-19,69,1536,N2,Control,6,59,42775,
2,28-Aug-19,70,1537,CB4856,Control,1,64,46400,
2,28-Aug-19,70,1538,CB4856,Control,2,60,43500,
2,28-Aug-19,70,1539,CB4856,Control,3,54,39150,
2,28-Aug-19,70,1540,CB4856,Control,4,62,44950,
2,28-Aug-19,70,1541,CB4856,Control,5,48,34800,
2,28-Aug-19,70,1542,CB4856,Control,6,47,34075,
2,28-Aug-19,74,1543,CB4856,Exposed,1,46,33350,
2,28-Aug-19,74,1544,CB4856,Exposed,2,44,31900,
2,28-Aug-19,74,1545,CB4856,Exposed,3,51,36975,
2,28-Aug-19,74,1546,CB4856,Exposed,4,48,34800,
2,28-Aug-19,74,1547,CB4856,Exposed,5,50,36250,
2,28-Aug-19,74,1548,CB4856,Exposed,6,38,27550,
2,28-Aug-19,77,1549,N2,Control,1,77,55825,
2,28-Aug-19,77,1550,N2,Control,2,58,42050,
2,28-Aug-19,77,1551,N2,Control,3,58,42050,
2,28-Aug-19,77,1552,N2,Control,4,59,42775,
2,28-Aug-19,77,1553,N2,Control,5,60,43500,
2,28-Aug-19,77,1554,N2,Control,6,65,47125,
2,28-Aug-19,79,1555,CB4856,Control,1,37,26825,
2,28-Aug-19,79,1556,CB4856,Control,2,44,31900,
2,28-Aug-19,79,1557,CB4856,Control,3,46,33350,
2,28-Aug-19,79,1558,CB4856,Control,4,32,23200,
2,28-Aug-19,79,1559,CB4856,Control,5,32,23200,
2,28-Aug-19,79,1560,CB4856,Control,6,37,26825,
2,28-Aug-19,80,1561,CB4856,Control,1,28,20300,
2,28-Aug-19,80,1562,CB4856,Control,2,24,17400,
2,28-Aug-19,80,1563,CB4856,Control,3,26,18850,
2,28-Aug-19,80,1564,CB4856,Control,4,28,20300,
2,28-Aug-19,80,1565,CB4856,Control,5,35,25375,
2,28-Aug-19,80,1566,CB4856,Control,6,27,19575,
2,28-Aug-19,81,1567,N2,Exposed,1,19,13775,
2,28-Aug-19,81,1568,N2,Exposed,2,14,10150,
2,28-Aug-19,81,1569,N2,Exposed,3,19,13775,
2,28-Aug-19,81,1570,N2,Exposed,4,16,11600,
2,28-Aug-19,81,1571,N2,Exposed,5,19,13775,
2,28-Aug-19,81,1572,N2,Exposed,6,8,5800,
2,28-Aug-19,82,1573,CB4856,Control,1,57,41325,
2,28-Aug-19,82,1574,CB4856,Control,2,38,27550,
2,28-Aug-19,82,1575,CB4856,Control,3,37,26825,
2,28-Aug-19,82,1576,CB4856,Control,4,44,31900,
2,28-Aug-19,82,1577,CB4856,Control,5,43,31175,
2,28-Aug-19,82,1578,CB4856,Control,6,48,34800,
2,28-Aug-19,84,1585,CB4856,Exposed,1,21,15225,
2,28-Aug-19,84,1586,CB4856,Exposed,2,22,15950,
2,28-Aug-19,84,1587,CB4856,Exposed,3,24,17400,
2,28-Aug-19,84,1588,CB4856,Exposed,4,21,15225,
2,28-Aug-19,84,1589,CB4856,Exposed,5,27,19575,
2,28-Aug-19,84,1590,CB4856,Exposed,6,20,14500,
2,28-Aug-19,86,1597,CB4856,Control,1,39,28275,
2,28-Aug-19,86,1598,CB4856,Control,2,43,31175,
2,28-Aug-19,86,1599,CB4856,Control,3,40,29000,
2,28-Aug-19,86,1600,CB4856,Control,4,43,31175,
2,28-Aug-19,86,1601,CB4856,Control,5,31,22475,
2,28-Aug-19,86,1602,CB4856,Control,6,38,27550,
2,28-Aug-19,89,1603,N2,Control,1,21,15225,
2,28-Aug-19,89,1604,N2,Control,2,23,16675,
2,28-Aug-19,89,1605,N2,Control,3,26,18850,
2,28-Aug-19,89,1606,N2,Control,4,24,17400,
2,28-Aug-19,89,1607,N2,Control,5,25,18125,
2,28-Aug-19,89,1608,N2,Control,6,22,15950,
2,28-Aug-19,94,1609,CB4856,Control,1,50,36250,
2,28-Aug-19,94,1610,CB4856,Control,2,60,43500,
2,28-Aug-19,94,1611,CB4856,Control,3,60,43500,
2,28-Aug-19,94,1612,CB4856,Control,4,53,38425,
2,28-Aug-19,94,1613,CB4856,Control,5,60,43500,
2,28-Aug-19,94,1614,CB4856,Control,6,50,36250,
2,28-Aug-19,106,1639,CB4856,Exposed,1,48,34800,
2,28-Aug-19,106,1640,CB4856,Exposed,2,48,34800,
2,28-Aug-19,106,1641,CB4856,Exposed,3,35,25375,
2,28-Aug-19,106,1642,CB4856,Exposed,4,56,40600,
2,28-Aug-19,106,1643,CB4856,Exposed,5,60,43500,
2,28-Aug-19,106,1644,CB4856,Exposed,6,36,26100,
2,28-Aug-19,108,1645,CB4856,Exposed,1,13,9425,
2,28-Aug-19,108,1646,CB4856,Exposed,2,18,13050,
2,28-Aug-19,108,1647,CB4856,Exposed,3,20,14500,
2,28-Aug-19,108,1648,CB4856,Exposed,4,20,14500,
2,28-Aug-19,108,1649,CB4856,Exposed,5,32,23200,
2,28-Aug-19,108,1650,CB4856,Exposed,6,19,13775,
2,28-Aug-19,113,1651,CB4856,Control,1,49,35525,
2,28-Aug-19,113,1652,CB4856,Control,2,42,30450,
2,28-Aug-19,113,1653,CB4856,Control,3,38,27550,
2,28-Aug-19,113,1654,CB4856,Control,4,27,19575,
2,28-Aug-19,113,1655,CB4856,Control,5,43,31175,
2,28-Aug-19,113,1656,CB4856,Control,6,38,27550,
2,28-Aug-19,114,1657,N2,Control,1,98,71050,
2,28-Aug-19,114,1658,N2,Control,2,95,68875,
2,28-Aug-19,114,1659,N2,Control,3,87,63075,
2,28-Aug-19,114,1660,N2,Control,4,98,71050,
2,28-Aug-19,114,1661,N2,Control,5,81,58725,
2,28-Aug-19,114,1662,N2,Control,6,59,42775,
2,28-Aug-19,116,1663,CB4856,Control,1,45,32625,
2,28-Aug-19,116,1664,CB4856,Control,2,53,38425,
2,28-Aug-19,116,1665,CB4856,Control,3,40,29000,
2,28-Aug-19,116,1666,CB4856,Control,4,38,27550,
2,28-Aug-19,116,1667,CB4856,Control,5,35,25375,
2,28-Aug-19,116,1668,CB4856,Control,6,34,24650,
2,28-Aug-19,120,1669,N2,Exposed,1,0,0,
2,28-Aug-19,120,1670,N2,Exposed,2,0,0,
2,28-Aug-19,120,1671,N2,Exposed,3,0,0,
2,28-Aug-19,120,1672,N2,Exposed,4,0,0,
2,28-Aug-19,120,1673,N2,Exposed,5,0,0,
2,28-Aug-19,120,1674,N2,Exposed,6,0,0,
3,2-Oct-19,1,1303,JU2816,Control,1,0,0,Y
3,2-Oct-19,1,1304,JU2816,Control,2,0,0,Y
3,2-Oct-19,1,1305,JU2816,Control,3,0,0,Y
3,2-Oct-19,1,1306,JU2816,Control,4,0,0,Y
3,2-Oct-19,1,1307,JU2816,Control,5,0,0,Y
3,2-Oct-19,1,1308,JU2816,Control,6,0,0,Y
3,2-Oct-19,2,1309,JU1249,Control,1,0,0,Y
3,2-Oct-19,2,1310,JU1249,Control,2,0,0,Y
3,2-Oct-19,2,1311,JU1249,Control,3,0,0,Y
3,2-Oct-19,2,1312,JU1249,Control,4,0,0,Y
3,2-Oct-19,2,1313,JU1249,Control,5,0,0,Y
3,2-Oct-19,2,1314,JU1249,Control,6,0,0,Y
3,2-Oct-19,3,715,JU2287,Exposed,1,40,29000,
3,2-Oct-19,3,716,JU2287,Exposed,2,45,32625,
3,2-Oct-19,3,717,JU2287,Exposed,3,48,34800,
3,2-Oct-19,3,718,JU2287,Exposed,4,45,32625,
3,2-Oct-19,3,719,JU2287,Exposed,5,41,29725,
3,2-Oct-19,3,720,JU2287,Exposed,6,42,30450,
3,2-Oct-19,4,721,JU2132,Control,1,87,63075,
3,2-Oct-19,4,722,JU2132,Control,2,54,39150,
3,2-Oct-19,4,723,JU2132,Control,3,72,52200,
3,2-Oct-19,4,724,JU2132,Control,4,72,52200,
3,2-Oct-19,4,725,JU2132,Control,5,105,76125,
3,2-Oct-19,4,726,JU2132,Control,6,69,50025,
3,2-Oct-19,5,727,JU1249,Exposed,1,13,9425,
3,2-Oct-19,5,728,JU1249,Exposed,2,11,7975,
3,2-Oct-19,5,729,JU1249,Exposed,3,20,14500,
3,2-Oct-19,5,730,JU1249,Exposed,4,17,12325,
3,2-Oct-19,5,731,JU1249,Exposed,5,19,13775,
3,2-Oct-19,5,732,JU1249,Exposed,6,24,17400,
3,2-Oct-19,6,733,JU1249,Control,1,65,47125,
3,2-Oct-19,6,734,JU1249,Control,2,77,55825,
3,2-Oct-19,6,735,JU1249,Control,3,70,50750,
3,2-Oct-19,6,736,JU1249,Control,4,69,50025,
3,2-Oct-19,6,737,JU1249,Control,5,61,44225,
3,2-Oct-19,6,738,JU1249,Control,6,57,41325,
3,2-Oct-19,7,739,JU2816,Control,1,37,26825,
3,2-Oct-19,7,740,JU2816,Control,2,35,25375,
3,2-Oct-19,7,741,JU2816,Control,3,35,25375,
3,2-Oct-19,7,742,JU2816,Control,4,48,34800,
3,2-Oct-19,7,743,JU2816,Control,5,22,15950,
3,2-Oct-19,7,744,JU2816,Control,6,43,31175,
3,2-Oct-19,8,745,JU2132,Control,1,60,43500,
3,2-Oct-19,8,746,JU2132,Control,2,80,58000,
3,2-Oct-19,8,747,JU2132,Control,3,71,51475,
3,2-Oct-19,8,748,JU2132,Control,4,57,41325,
3,2-Oct-19,8,749,JU2132,Control,5,90,65250,
3,2-Oct-19,8,750,JU2132,Control,6,75,54375,
3,2-Oct-19,9,751,JU2816,Exposed,1,9,6525,
3,2-Oct-19,9,752,JU2816,Exposed,2,11,7975,
3,2-Oct-19,9,753,JU2816,Exposed,3,20,14500,
3,2-Oct-19,9,754,JU2816,Exposed,4,11,7975,
3,2-Oct-19,9,755,JU2816,Exposed,5,13,9425,
3,2-Oct-19,9,756,JU2816,Exposed,6,16,11600,
3,2-Oct-19,10,757,JU2287,Control,1,73,52925,
3,2-Oct-19,10,758,JU2287,Control,2,43,31175,
3,2-Oct-19,10,759,JU2287,Control,3,62,44950,
3,2-Oct-19,10,760,JU2287,Control,4,48,34800,
3,2-Oct-19,10,761,JU2287,Control,5,56,40600,
3,2-Oct-19,10,762,JU2287,Control,6,58,42050,
3,2-Oct-19,11,763,JU2132,Control,1,100,72500,
3,2-Oct-19,11,764,JU2132,Control,2,126,91350,
3,2-Oct-19,11,765,JU2132,Control,3,88,63800,
3,2-Oct-19,11,766,JU2132,Control,4,103,74675,
3,2-Oct-19,11,767,JU2132,Control,5,79,57275,
3,2-Oct-19,11,768,JU2132,Control,6,72,52200,
3,2-Oct-19,12,769,JU2287,Control,1,48,34800,
3,2-Oct-19,12,770,JU2287,Control,2,42,30450,
3,2-Oct-19,12,771,JU2287,Control,3,52,37700,
3,2-Oct-19,12,772,JU2287,Control,4,51,36975,
3,2-Oct-19,12,773,JU2287,Control,5,60,43500,
3,2-Oct-19,12,774,JU2287,Control,6,30,21750,
3,2-Oct-19,13,775,JU1249,Control,1,108,78300,
3,2-Oct-19,13,776,JU1249,Control,2,118,85550,
3,2-Oct-19,13,777,JU1249,Control,3,94,68150,
3,2-Oct-19,13,778,JU1249,Control,4,93,67425,
3,2-Oct-19,13,779,JU1249,Control,5,91,65975,
3,2-Oct-19,13,780,JU1249,Control,6,95,68875,
3,2-Oct-19,14,781,JU2132,Exposed,1,44,31900,
3,2-Oct-19,14,782,JU2132,Exposed,2,61,44225,
3,2-Oct-19,14,783,JU2132,Exposed,3,70,50750,
3,2-Oct-19,14,784,JU2132,Exposed,4,46,33350,
3,2-Oct-19,14,785,JU2132,Exposed,5,39,28275,
3,2-Oct-19,14,786,JU2132,Exposed,6,39,28275,
3,2-Oct-19,15,787,JU1249,Exposed,1,45,32625,
3,2-Oct-19,15,788,JU1249,Exposed,2,39,28275,
3,2-Oct-19,15,789,JU1249,Exposed,3,57,41325,
3,2-Oct-19,15,790,JU1249,Exposed,4,50,36250,
3,2-Oct-19,15,791,JU1249,Exposed,5,47,34075,
3,2-Oct-19,15,792,JU1249,Exposed,6,51,36975,
3,2-Oct-19,16,793,JU2132,Control,1,76,55100,
3,2-Oct-19,16,794,JU2132,Control,2,50,36250,
3,2-Oct-19,16,795,JU2132,Control,3,60,43500,
3,2-Oct-19,16,796,JU2132,Control,4,83,60175,
3,2-Oct-19,16,797,JU2132,Control,5,54,39150,
3,2-Oct-19,16,798,JU2132,Control,6,84,60900,
3,2-Oct-19,17,799,JU1249,Control,1,63,45675,
3,2-Oct-19,17,800,JU1249,Control,2,73,52925,
3,2-Oct-19,17,801,JU1249,Control,3,91,65975,
3,2-Oct-19,17,802,JU1249,Control,4,80,58000,
3,2-Oct-19,17,803,JU1249,Control,5,78,56550,
3,2-Oct-19,17,804,JU1249,Control,6,67,48575,
3,2-Oct-19,18,805,JU1762,Exposed,1,7,5075,
3,2-Oct-19,18,806,JU1762,Exposed,2,10,7250,
3,2-Oct-19,18,807,JU1762,Exposed,3,14,10150,
3,2-Oct-19,18,808,JU1762,Exposed,4,17,12325,
3,2-Oct-19,18,809,JU1762,Exposed,5,10,7250,
3,2-Oct-19,18,810,JU1762,Exposed,6,7,5075,
3,2-Oct-19,19,811,JU2287,Exposed,1,36,26100,
3,2-Oct-19,19,812,JU2287,Exposed,2,26,18850,
3,2-Oct-19,19,813,JU2287,Exposed,3,19,13775,
3,2-Oct-19,19,814,JU2287,Exposed,4,13,9425,
3,2-Oct-19,19,815,JU2287,Exposed,5,14,10150,
3,2-Oct-19,19,816,JU2287,Exposed,6,16,11600,
3,2-Oct-19,20,817,JU2132,Control,1,124,89900,
3,2-Oct-19,20,818,JU2132,Control,2,99,71775,
3,2-Oct-19,20,819,JU2132,Control,3,99,71775,
3,2-Oct-19,20,820,JU2132,Control,4,86,62350,
3,2-Oct-19,20,821,JU2132,Control,5,104,75400,
3,2-Oct-19,20,822,JU2132,Control,6,94,68150,
3,2-Oct-19,21,823,JU1249,Control,1,34,24650,
3,2-Oct-19,21,824,JU1249,Control,2,54,39150,
3,2-Oct-19,21,825,JU1249,Control,3,54,39150,
3,2-Oct-19,21,826,JU1249,Control,4,54,39150,
3,2-Oct-19,21,827,JU1249,Control,5,50,36250,
3,2-Oct-19,21,828,JU1249,Control,6,40,29000,
3,2-Oct-19,22,829,JU1249,Control,1,76,55100,
3,2-Oct-19,22,830,JU1249,Control,2,92,66700,
3,2-Oct-19,22,831,JU1249,Control,3,72,52200,
3,2-Oct-19,22,832,JU1249,Control,4,77,55825,
3,2-Oct-19,22,833,JU1249,Control,5,89,64525,
3,2-Oct-19,22,834,JU1249,Control,6,77,55825,
3,2-Oct-19,23,835,JU1762,Exposed,1,24,17400,
3,2-Oct-19,23,836,JU1762,Exposed,2,14,10150,
3,2-Oct-19,23,837,JU1762,Exposed,3,23,16675,
3,2-Oct-19,23,838,JU1762,Exposed,4,33,23925,
3,2-Oct-19,23,839,JU1762,Exposed,5,22,15950,
3,2-Oct-19,23,840,JU1762,Exposed,6,19,13775,
3,2-Oct-19,24,841,JU2287,Control,1,93,67425,
3,2-Oct-19,24,842,JU2287,Control,2,80,58000,
3,2-Oct-19,24,843,JU2287,Control,3,76,55100,
3,2-Oct-19,24,844,JU2287,Control,4,63,45675,
3,2-Oct-19,24,845,JU2287,Control,5,56,40600,
3,2-Oct-19,24,846,JU2287,Control,6,73,52925,
3,2-Oct-19,25,847,JU2287,Control,1,51,36975,
3,2-Oct-19,25,848,JU2287,Control,2,42,30450,
3,2-Oct-19,25,849,JU2287,Control,3,39,28275,
3,2-Oct-19,25,850,JU2287,Control,4,53,38425,
3,2-Oct-19,25,851,JU2287,Control,5,53,38425,
3,2-Oct-19,25,852,JU2287,Control,6,32,23200,
3,2-Oct-19,26,853,JU2816,Exposed,1,11,7975,
3,2-Oct-19,26,854,JU2816,Exposed,2,9,6525,
3,2-Oct-19,26,855,JU2816,Exposed,3,8,5800,
3,2-Oct-19,26,856,JU2816,Exposed,4,10,7250,
3,2-Oct-19,26,857,JU2816,Exposed,5,11,7975,
3,2-Oct-19,26,858,JU2816,Exposed,6,4,2900,
3,2-Oct-19,27,859,JU1762,Exposed,1,10,7250,
3,2-Oct-19,27,860,JU1762,Exposed,2,12,8700,
3,2-Oct-19,27,861,JU1762,Exposed,3,8,5800,
3,2-Oct-19,27,862,JU1762,Exposed,4,11,7975,
3,2-Oct-19,27,863,JU1762,Exposed,5,2,1450,
3,2-Oct-19,27,864,JU1762,Exposed,6,6,4350,
3,2-Oct-19,28,865,JU2287,Control,1,82,59450,
3,2-Oct-19,28,866,JU2287,Control,2,63,45675,
3,2-Oct-19,28,867,JU2287,Control,3,82,59450,
3,2-Oct-19,28,868,JU2287,Control,4,71,51475,
3,2-Oct-19,28,869,JU2287,Control,5,71,51475,
3,2-Oct-19,28,870,JU2287,Control,6,66,47850,
3,2-Oct-19,29,871,JU2816,Exposed,1,23,16675,
3,2-Oct-19,29,872,JU2816,Exposed,2,12,8700,
3,2-Oct-19,29,873,JU2816,Exposed,3,17,12325,
3,2-Oct-19,29,874,JU2816,Exposed,4,21,15225,
3,2-Oct-19,29,875,JU2816,Exposed,5,25,18125,
3,2-Oct-19,29,876,JU2816,Exposed,6,13,9425,
3,2-Oct-19,30,877,JU1762,Exposed,1,10,7250,
3,2-Oct-19,30,878,JU1762,Exposed,2,11,7975,
3,2-Oct-19,30,879,JU1762,Exposed,3,11,7975,
3,2-Oct-19,30,880,JU1762,Exposed,4,14,10150,
3,2-Oct-19,30,881,JU1762,Exposed,5,10,7250,
3,2-Oct-19,30,882,JU1762,Exposed,6,14,10150,
3,2-Oct-19,31,883,JU1762,Control,1,46,33350,
3,2-Oct-19,31,884,JU1762,Control,2,48,34800,
3,2-Oct-19,31,885,JU1762,Control,3,62,44950,
3,2-Oct-19,31,886,JU1762,Control,4,40,29000,
3,2-Oct-19,31,887,JU1762,Control,5,22,15950,
3,2-Oct-19,31,888,JU1762,Control,6,45,32625,
3,2-Oct-19,32,889,JU2816,Control,1,51,36975,
3,2-Oct-19,32,890,JU2816,Control,2,56,40600,
3,2-Oct-19,32,891,JU2816,Control,3,67,48575,
3,2-Oct-19,32,892,JU2816,Control,4,59,42775,
3,2-Oct-19,32,893,JU2816,Control,5,54,39150,
3,2-Oct-19,32,894,JU2816,Control,6,62,44950,
3,2-Oct-19,33,895,JU2132,Exposed,1,22,15950,
3,2-Oct-19,33,896,JU2132,Exposed,2,35,25375,
3,2-Oct-19,33,897,JU2132,Exposed,3,26,18850,
3,2-Oct-19,33,898,JU2132,Exposed,4,35,25375,
3,2-Oct-19,33,899,JU2132,Exposed,5,31,22475,
3,2-Oct-19,33,900,JU2132,Exposed,6,37,26825,
3,2-Oct-19,34,901,JU1249,Exposed,1,28,20300,
3,2-Oct-19,34,902,JU1249,Exposed,2,31,22475,
3,2-Oct-19,34,903,JU1249,Exposed,3,32,23200,
3,2-Oct-19,34,904,JU1249,Exposed,4,21,15225,
3,2-Oct-19,34,905,JU1249,Exposed,5,35,25375,
3,2-Oct-19,34,906,JU1249,Exposed,6,39,28275,
3,2-Oct-19,35,907,JU2132,Exposed,1,8,5800,
3,2-Oct-19,35,908,JU2132,Exposed,2,6,4350,
3,2-Oct-19,35,909,JU2132,Exposed,3,10,7250,
3,2-Oct-19,35,910,JU2132,Exposed,4,10,7250,
3,2-Oct-19,35,911,JU2132,Exposed,5,8,5800,
3,2-Oct-19,35,912,JU2132,Exposed,6,13,9425,
3,2-Oct-19,36,913,JU2132,Control,1,59,42775,
3,2-Oct-19,36,914,JU2132,Control,2,56,40600,
3,2-Oct-19,36,915,JU2132,Control,3,51,36975,
3,2-Oct-19,36,916,JU2132,Control,4,57,41325,
3,2-Oct-19,36,917,JU2132,Control,5,54,39150,
3,2-Oct-19,36,918,JU2132,Control,6,60,43500,
3,2-Oct-19,37,919,JU1249,Exposed,1,8,5800,
3,2-Oct-19,37,920,JU1249,Exposed,2,5,3625,
3,2-Oct-19,37,921,JU1249,Exposed,3,10,7250,
3,2-Oct-19,37,922,JU1249,Exposed,4,8,5800,
3,2-Oct-19,37,923,JU1249,Exposed,5,7,5075,
3,2-Oct-19,37,924,JU1249,Exposed,6,9,6525,
3,2-Oct-19,38,925,JU1762,Control,1,62,44950,
3,2-Oct-19,38,926,JU1762,Control,2,64,46400,
3,2-Oct-19,38,927,JU1762,Control,3,49,35525,
3,2-Oct-19,38,928,JU1762,Control,4,52,37700,
3,2-Oct-19,38,929,JU1762,Control,5,51,36975,
3,2-Oct-19,38,930,JU1762,Control,6,42,30450,
3,2-Oct-19,39,931,JU1762,Exposed,1,8,5800,
3,2-Oct-19,39,932,JU1762,Exposed,2,11,7975,
3,2-Oct-19,39,933,JU1762,Exposed,3,12,8700,
3,2-Oct-19,39,934,JU1762,Exposed,4,11,7975,
3,2-Oct-19,39,935,JU1762,Exposed,5,11,7975,
3,2-Oct-19,39,936,JU1762,Exposed,6,16,11600,
3,2-Oct-19,40,937,JU2132,Exposed,1,64,46400,
3,2-Oct-19,40,938,JU2132,Exposed,2,82,59450,
3,2-Oct-19,40,939,JU2132,Exposed,3,61,44225,
3,2-Oct-19,40,940,JU2132,Exposed,4,90,65250,
3,2-Oct-19,40,941,JU2132,Exposed,5,51,36975,
3,2-Oct-19,40,942,JU2132,Exposed,6,78,56550,
3,2-Oct-19,41,943,JU1762,Control,1,44,31900,
3,2-Oct-19,41,944,JU1762,Control,2,44,31900,
3,2-Oct-19,41,945,JU1762,Control,3,43,31175,
3,2-Oct-19,41,946,JU1762,Control,4,31,22475,
3,2-Oct-19,41,947,JU1762,Control,5,41,29725,
3,2-Oct-19,41,948,JU1762,Control,6,47,34075,
3,2-Oct-19,42,949,JU1249,Control,1,76,55100,
3,2-Oct-19,42,950,JU1249,Control,2,58,42050,
3,2-Oct-19,42,951,JU1249,Control,3,70,50750,
3,2-Oct-19,42,952,JU1249,Control,4,81,58725,
3,2-Oct-19,42,953,JU1249,Control,5,63,45675,
3,2-Oct-19,42,954,JU1249,Control,6,73,52925,
3,2-Oct-19,43,955,JU2132,Exposed,1,14,10150,
3,2-Oct-19,43,956,JU2132,Exposed,2,19,13775,
3,2-Oct-19,43,957,JU2132,Exposed,3,17,12325,
3,2-Oct-19,43,958,JU2132,Exposed,4,19,13775,
3,2-Oct-19,43,959,JU2132,Exposed,5,26,18850,
3,2-Oct-19,43,960,JU2132,Exposed,6,41,29725,
3,2-Oct-19,44,961,JU1762,Control,1,24,17400,
3,2-Oct-19,44,962,JU1762,Control,2,29,21025,
3,2-Oct-19,44,963,JU1762,Control,3,34,24650,
3,2-Oct-19,44,964,JU1762,Control,4,54,39150,
3,2-Oct-19,44,965,JU1762,Control,5,36,26100,
3,2-Oct-19,44,966,JU1762,Control,6,50,36250,
3,2-Oct-19,45,967,JU1762,Exposed,1,12,8700,
3,2-Oct-19,45,968,JU1762,Exposed,2,16,11600,
3,2-Oct-19,45,969,JU1762,Exposed,3,7,5075,
3,2-Oct-19,45,970,JU1762,Exposed,4,7,5075,
3,2-Oct-19,45,971,JU1762,Exposed,5,10,7250,
3,2-Oct-19,45,972,JU1762,Exposed,6,18,13050,
3,2-Oct-19,46,973,JU2132,Control,1,27,19575,
3,2-Oct-19,46,974,JU2132,Control,2,23,16675,
3,2-Oct-19,46,975,JU2132,Control,3,42,30450,
3,2-Oct-19,46,976,JU2132,Control,4,33,23925,
3,2-Oct-19,46,977,JU2132,Control,5,39,28275,
3,2-Oct-19,46,978,JU2132,Control,6,49,35525,
3,2-Oct-19,47,979,JU1762,Exposed,1,11,7975,
3,2-Oct-19,47,980,JU1762,Exposed,2,11,7975,
3,2-Oct-19,47,981,JU1762,Exposed,3,7,5075,
3,2-Oct-19,47,982,JU1762,Exposed,4,14,10150,
3,2-Oct-19,47,983,JU1762,Exposed,5,16,11600,
3,2-Oct-19,47,984,JU1762,Exposed,6,11,7975,
3,2-Oct-19,48,985,JU2132,Control,1,148,107300,
3,2-Oct-19,48,986,JU2132,Control,2,115,83375,
3,2-Oct-19,48,987,JU2132,Control,3,139,100775,
3,2-Oct-19,48,988,JU2132,Control,4,118,85550,
3,2-Oct-19,48,989,JU2132,Control,5,103,74675,
3,2-Oct-19,48,990,JU2132,Control,6,100,72500,
3,2-Oct-19,49,991,JU1249,Exposed,1,11,7975,
3,2-Oct-19,49,992,JU1249,Exposed,2,17,12325,
3,2-Oct-19,49,993,JU1249,Exposed,3,20,14500,
3,2-Oct-19,49,994,JU1249,Exposed,4,21,15225,
3,2-Oct-19,49,995,JU1249,Exposed,5,17,12325,
3,2-Oct-19,49,996,JU1249,Exposed,6,28,20300,
3,2-Oct-19,50,997,JU1249,Exposed,1,98,71050,
3,2-Oct-19,50,998,JU1249,Exposed,2,71,51475,
3,2-Oct-19,50,999,JU1249,Exposed,3,87,63075,
3,2-Oct-19,50,1000,JU1249,Exposed,4,64,46400,
3,2-Oct-19,50,1001,JU1249,Exposed,5,91,65975,
3,2-Oct-19,50,1002,JU1249,Exposed,6,91,65975,
3,2-Oct-19,51,1003,JU2816,Control,1,46,33350,
3,2-Oct-19,51,1004,JU2816,Control,2,28,20300,
3,2-Oct-19,51,1005,JU2816,Control,3,45,32625,
3,2-Oct-19,51,1006,JU2816,Control,4,53,38425,
3,2-Oct-19,51,1007,JU2816,Control,5,41,29725,
3,2-Oct-19,51,1008,JU2816,Control,6,30,21750,
3,2-Oct-19,52,1009,JU2287,Exposed,1,32,23200,
3,2-Oct-19,52,1010,JU2287,Exposed,2,47,34075,
3,2-Oct-19,52,1011,JU2287,Exposed,3,51,36975,
3,2-Oct-19,52,1012,JU2287,Exposed,4,29,21025,
3,2-Oct-19,52,1013,JU2287,Exposed,5,41,29725,
3,2-Oct-19,52,1014,JU2287,Exposed,6,26,18850,
3,2-Oct-19,53,1015,JU1762,Exposed,1,20,14500,
3,2-Oct-19,53,1016,JU1762,Exposed,2,17,12325,
3,2-Oct-19,53,1017,JU1762,Exposed,3,19,13775,
3,2-Oct-19,53,1018,JU1762,Exposed,4,23,16675,
3,2-Oct-19,53,1019,JU1762,Exposed,5,24,17400,
3,2-Oct-19,53,1020,JU1762,Exposed,6,18,13050,
3,2-Oct-19,54,1021,JU1762,Control,1,41,29725,
3,2-Oct-19,54,1022,JU1762,Control,2,56,40600,
3,2-Oct-19,54,1023,JU1762,Control,3,38,27550,
3,2-Oct-19,54,1024,JU1762,Control,4,52,37700,
3,2-Oct-19,54,1025,JU1762,Control,5,48,34800,
3,2-Oct-19,54,1026,JU1762,Control,6,41,29725,
3,2-Oct-19,55,1027,JU2816,Exposed,1,18,13050,
3,2-Oct-19,55,1028,JU2816,Exposed,2,8,5800,
3,2-Oct-19,55,1029,JU2816,Exposed,3,20,14500,
3,2-Oct-19,55,1030,JU2816,Exposed,4,21,15225,
3,2-Oct-19,55,1031,JU2816,Exposed,5,19,13775,
3,2-Oct-19,55,1032,JU2816,Exposed,6,18,13050,
3,2-Oct-19,56,1033,JU2816,Exposed,1,58,42050,
3,2-Oct-19,56,1034,JU2816,Exposed,2,39,28275,
3,2-Oct-19,56,1035,JU2816,Exposed,3,40,29000,
3,2-Oct-19,56,1036,JU2816,Exposed,4,37,26825,
3,2-Oct-19,56,1037,JU2816,Exposed,5,48,34800,
3,2-Oct-19,56,1038,JU2816,Exposed,6,37,26825,
3,2-Oct-19,57,1039,JU2287,Exposed,1,25,18125,
3,2-Oct-19,57,1040,JU2287,Exposed,2,23,16675,
3,2-Oct-19,57,1041,JU2287,Exposed,3,24,17400,
3,2-Oct-19,57,1042,JU2287,Exposed,4,14,10150,
3,2-Oct-19,57,1043,JU2287,Exposed,5,19,13775,
3,2-Oct-19,57,1044,JU2287,Exposed,6,15,10875,
3,2-Oct-19,58,1045,JU1249,Control,1,62,44950,
3,2-Oct-19,58,1046,JU1249,Control,2,78,56550,
3,2-Oct-19,58,1047,JU1249,Control,3,95,68875,
3,2-Oct-19,58,1048,JU1249,Control,4,70,50750,
3,2-Oct-19,58,1049,JU1249,Control,5,79,57275,
3,2-Oct-19,58,1050,JU1249,Control,6,83,60175,
3,2-Oct-19,59,1051,JU1249,Exposed,1,17,12325,
3,2-Oct-19,59,1052,JU1249,Exposed,2,28,20300,
3,2-Oct-19,59,1053,JU1249,Exposed,3,18,13050,
3,2-Oct-19,59,1054,JU1249,Exposed,4,14,10150,
3,2-Oct-19,59,1055,JU1249,Exposed,5,30,21750,
3,2-Oct-19,59,1056,JU1249,Exposed,6,24,17400,
3,2-Oct-19,60,1057,JU2287,Exposed,1,16,11600,
3,2-Oct-19,60,1058,JU2287,Exposed,2,27,19575,
3,2-Oct-19,60,1059,JU2287,Exposed,3,24,17400,
3,2-Oct-19,60,1060,JU2287,Exposed,4,29,21025,
3,2-Oct-19,60,1061,JU2287,Exposed,5,13,9425,
3,2-Oct-19,60,1062,JU2287,Exposed,6,21,15225,
3,2-Oct-19,61,1063,JU1762,Control,1,32,23200,
3,2-Oct-19,61,1064,JU1762,Control,2,27,19575,
3,2-Oct-19,61,1065,JU1762,Control,3,27,19575,
3,2-Oct-19,61,1066,JU1762,Control,4,31,22475,
3,2-Oct-19,61,1067,JU1762,Control,5,36,26100,
3,2-Oct-19,61,1068,JU1762,Control,6,36,26100,
3,2-Oct-19,62,1069,JU2287,Exposed,1,21,15225,
3,2-Oct-19,62,1070,JU2287,Exposed,2,24,17400,
3,2-Oct-19,62,1071,JU2287,Exposed,3,24,17400,
3,2-Oct-19,62,1072,JU2287,Exposed,4,23,16675,
3,2-Oct-19,62,1073,JU2287,Exposed,5,19,13775,
3,2-Oct-19,62,1074,JU2287,Exposed,6,16,11600,
3,2-Oct-19,63,1075,JU1762,Control,1,47,34075,
3,2-Oct-19,63,1076,JU1762,Control,2,37,26825,
3,2-Oct-19,63,1077,JU1762,Control,3,33,23925,
3,2-Oct-19,63,1078,JU1762,Control,4,46,33350,
3,2-Oct-19,63,1079,JU1762,Control,5,37,26825,
3,2-Oct-19,63,1080,JU1762,Control,6,37,26825,
3,2-Oct-19,64,1081,JU2132,Exposed,1,16,11600,
3,2-Oct-19,64,1082,JU2132,Exposed,2,13,9425,
3,2-Oct-19,64,1083,JU2132,Exposed,3,13,9425,
3,2-Oct-19,64,1084,JU2132,Exposed,4,17,12325,
3,2-Oct-19,64,1085,JU2132,Exposed,5,9,6525,
3,2-Oct-19,64,1086,JU2132,Exposed,6,13,9425,
3,2-Oct-19,65,1087,JU2132,Exposed,1,31,22475,
3,2-Oct-19,65,1088,JU2132,Exposed,2,21,15225,
3,2-Oct-19,65,1089,JU2132,Exposed,3,29,21025,
3,2-Oct-19,65,1090,JU2132,Exposed,4,31,22475,
3,2-Oct-19,65,1091,JU2132,Exposed,5,33,23925,
3,2-Oct-19,65,1092,JU2132,Exposed,6,34,24650,
3,2-Oct-19,66,1093,JU1249,Control,1,70,50750,
3,2-Oct-19,66,1094,JU1249,Control,2,67,48575,
3,2-Oct-19,66,1095,JU1249,Control,3,73,52925,
3,2-Oct-19,66,1096,JU1249,Control,4,52,37700,
3,2-Oct-19,66,1097,JU1249,Control,5,67,48575,
3,2-Oct-19,66,1098,JU1249,Control,6,62,44950,
3,2-Oct-19,67,1099,JU1249,Exposed,1,67,48575,
3,2-Oct-19,67,1100,JU1249,Exposed,2,73,52925,
3,2-Oct-19,67,1101,JU1249,Exposed,3,56,40600,
3,2-Oct-19,67,1102,JU1249,Exposed,4,93,67425,
3,2-Oct-19,67,1103,JU1249,Exposed,5,78,56550,
3,2-Oct-19,67,1104,JU1249,Exposed,6,86,62350,
3,2-Oct-19,68,1105,JU2287,Control,1,68,49300,
3,2-Oct-19,68,1106,JU2287,Control,2,63,45675,
3,2-Oct-19,68,1107,JU2287,Control,3,70,50750,
3,2-Oct-19,68,1108,JU2287,Control,4,76,55100,
3,2-Oct-19,68,1109,JU2287,Control,5,66,47850,
3,2-Oct-19,68,1110,JU2287,Control,6,63,45675,
3,2-Oct-19,69,1111,JU2287,Exposed,1,13,9425,
3,2-Oct-19,69,1112,JU2287,Exposed,2,10,7250,
3,2-Oct-19,69,1113,JU2287,Exposed,3,12,8700,
3,2-Oct-19,69,1114,JU2287,Exposed,4,13,9425,
3,2-Oct-19,69,1115,JU2287,Exposed,5,14,10150,
3,2-Oct-19,69,1116,JU2287,Exposed,6,14,10150,
3,2-Oct-19,70,1117,JU2816,Control,1,43,31175,
3,2-Oct-19,70,1118,JU2816,Control,2,53,38425,
3,2-Oct-19,70,1119,JU2816,Control,3,50,36250,
3,2-Oct-19,70,1120,JU2816,Control,4,35,25375,
3,2-Oct-19,70,1121,JU2816,Control,5,33,23925,
3,2-Oct-19,70,1122,JU2816,Control,6,46,33350,
3,2-Oct-19,71,1123,JU2132,Exposed,1,41,29725,
3,2-Oct-19,71,1124,JU2132,Exposed,2,41,29725,
3,2-Oct-19,71,1125,JU2132,Exposed,3,37,26825,
3,2-Oct-19,71,1126,JU2132,Exposed,4,49,35525,
3,2-Oct-19,71,1127,JU2132,Exposed,5,49,35525,
3,2-Oct-19,71,1128,JU2132,Exposed,6,37,26825,
3,2-Oct-19,72,1129,JU2287,Control,1,71,51475,
3,2-Oct-19,72,1130,JU2287,Control,2,81,58725,
3,2-Oct-19,72,1131,JU2287,Control,3,78,56550,
3,2-Oct-19,72,1132,JU2287,Control,4,69,50025,
3,2-Oct-19,72,1133,JU2287,Control,5,79,57275,
3,2-Oct-19,72,1134,JU2287,Control,6,81,58725,
3,2-Oct-19,73,1135,JU1762,Control,1,40,29000,
3,2-Oct-19,73,1136,JU1762,Control,2,40,29000,
3,2-Oct-19,73,1137,JU1762,Control,3,50,36250,
3,2-Oct-19,73,1138,JU1762,Control,4,43,31175,
3,2-Oct-19,73,1139,JU1762,Control,5,41,29725,
3,2-Oct-19,73,1140,JU1762,Control,6,45,32625,
3,2-Oct-19,74,1141,JU2816,Exposed,1,15,10875,
3,2-Oct-19,74,1142,JU2816,Exposed,2,15,10875,
3,2-Oct-19,74,1143,JU2816,Exposed,3,19,13775,
3,2-Oct-19,74,1144,JU2816,Exposed,4,18,13050,
3,2-Oct-19,74,1145,JU2816,Exposed,5,18,13050,
3,2-Oct-19,74,1146,JU2816,Exposed,6,21,15225,
3,2-Oct-19,75,1147,JU2132,Control,1,32,23200,
3,2-Oct-19,75,1148,JU2132,Control,2,31,22475,
3,2-Oct-19,75,1149,JU2132,Control,3,48,34800,
3,2-Oct-19,75,1150,JU2132,Control,4,36,26100,
3,2-Oct-19,75,1151,JU2132,Control,5,36,26100,
3,2-Oct-19,75,1152,JU2132,Control,6,40,29000,
3,2-Oct-19,76,1153,JU2287,Control,1,88,63800,
3,2-Oct-19,76,1154,JU2287,Control,2,96,69600,
3,2-Oct-19,76,1155,JU2287,Control,3,93,67425,
3,2-Oct-19,76,1156,JU2287,Control,4,75,54375,
3,2-Oct-19,76,1157,JU2287,Control,5,86,62350,
3,2-Oct-19,76,1158,JU2287,Control,6,112,81200,
3,2-Oct-19,77,1159,JU2816,Control,1,12,8700,
3,2-Oct-19,77,1160,JU2816,Control,2,17,12325,
3,2-Oct-19,77,1161,JU2816,Control,3,16,11600,
3,2-Oct-19,77,1162,JU2816,Control,4,26,18850,
3,2-Oct-19,77,1163,JU2816,Control,5,20,14500,
3,2-Oct-19,77,1164,JU2816,Control,6,19,13775,
3,2-Oct-19,78,1165,JU2287,Control,1,81,58725,
3,2-Oct-19,78,1166,JU2287,Control,2,81,58725,
3,2-Oct-19,78,1167,JU2287,Control,3,73,52925,
3,2-Oct-19,78,1168,JU2287,Control,4,70,50750,
3,2-Oct-19,78,1169,JU2287,Control,5,77,55825,
3,2-Oct-19,78,1170,JU2287,Control,6,72,52200,
3,2-Oct-19,79,1171,JU2816,Control,1,66,47850,
3,2-Oct-19,79,1172,JU2816,Control,2,71,51475,
3,2-Oct-19,79,1173,JU2816,Control,3,80,58000,
3,2-Oct-19,79,1174,JU2816,Control,4,64,46400,
3,2-Oct-19,79,1175,JU2816,Control,5,77,55825,
3,2-Oct-19,79,1176,JU2816,Control,6,79,57275,
3,2-Oct-19,80,1177,JU2816,Exposed,1,36,26100,
3,2-Oct-19,80,1178,JU2816,Exposed,2,33,23925,
3,2-Oct-19,80,1179,JU2816,Exposed,3,21,15225,
3,2-Oct-19,80,1180,JU2816,Exposed,4,26,18850,
3,2-Oct-19,80,1181,JU2816,Exposed,5,25,18125,
3,2-Oct-19,80,1182,JU2816,Exposed,6,24,17400,
3,2-Oct-19,81,1183,JU2816,Control,1,39,28275,
3,2-Oct-19,81,1184,JU2816,Control,2,39,28275,
3,2-Oct-19,81,1185,JU2816,Control,3,38,27550,
3,2-Oct-19,81,1186,JU2816,Control,4,49,35525,
3,2-Oct-19,81,1187,JU2816,Control,5,27,19575,
3,2-Oct-19,81,1188,JU2816,Control,6,50,36250,
3,2-Oct-19,82,1189,JU2816,Control,1,33,23925,
3,2-Oct-19,82,1190,JU2816,Control,2,40,29000,
3,2-Oct-19,82,1191,JU2816,Control,3,34,24650,
3,2-Oct-19,82,1192,JU2816,Control,4,50,36250,
3,2-Oct-19,82,1193,JU2816,Control,5,32,23200,
3,2-Oct-19,82,1194,JU2816,Control,6,49,35525,
3,2-Oct-19,83,1195,JU2132,Exposed,1,34,24650,
3,2-Oct-19,83,1196,JU2132,Exposed,2,32,23200,
3,2-Oct-19,83,1197,JU2132,Exposed,3,21,15225,
3,2-Oct-19,83,1198,JU2132,Exposed,4,33,23925,
3,2-Oct-19,83,1199,JU2132,Exposed,5,28,20300,
3,2-Oct-19,83,1200,JU2132,Exposed,6,27,19575,
3,2-Oct-19,84,1201,JU1762,Exposed,1,20,14500,
3,2-Oct-19,84,1202,JU1762,Exposed,2,21,15225,
3,2-Oct-19,84,1203,JU1762,Exposed,3,11,7975,
3,2-Oct-19,84,1204,JU1762,Exposed,4,15,10875,
3,2-Oct-19,84,1205,JU1762,Exposed,5,19,13775,
3,2-Oct-19,84,1206,JU1762,Exposed,6,24,17400,
3,2-Oct-19,85,1207,JU2816,Control,1,26,18850,
3,2-Oct-19,85,1208,JU2816,Control,2,23,16675,
3,2-Oct-19,85,1209,JU2816,Control,3,24,17400,
3,2-Oct-19,85,1210,JU2816,Control,4,26,18850,
3,2-Oct-19,85,1211,JU2816,Control,5,26,18850,
3,2-Oct-19,85,1212,JU2816,Control,6,22,15950,
3,2-Oct-19,86,1213,JU1249,Exposed,1,49,35525,
3,2-Oct-19,86,1214,JU1249,Exposed,2,36,26100,
3,2-Oct-19,86,1215,JU1249,Exposed,3,61,44225,
3,2-Oct-19,86,1216,JU1249,Exposed,4,42,30450,
3,2-Oct-19,86,1217,JU1249,Exposed,5,27,19575,
3,2-Oct-19,86,1218,JU1249,Exposed,6,40,29000,
3,2-Oct-19,87,1219,JU2287,Exposed,1,33,23925,
3,2-Oct-19,87,1220,JU2287,Exposed,2,38,27550,
3,2-Oct-19,87,1221,JU2287,Exposed,3,34,24650,
3,2-Oct-19,87,1222,JU2287,Exposed,4,31,22475,
3,2-Oct-19,87,1223,JU2287,Exposed,5,39,28275,
3,2-Oct-19,87,1224,JU2287,Exposed,6,36,26100,
3,2-Oct-19,88,1225,JU1762,Exposed,1,13,9425,
3,2-Oct-19,88,1226,JU1762,Exposed,2,9,6525,
3,2-Oct-19,88,1227,JU1762,Exposed,3,7,5075,
3,2-Oct-19,88,1228,JU1762,Exposed,4,6,4350,
3,2-Oct-19,88,1229,JU1762,Exposed,5,14,10150,
3,2-Oct-19,88,1230,JU1762,Exposed,6,12,8700,
3,2-Oct-19,89,1231,JU2816,Exposed,1,49,35525,
3,2-Oct-19,89,1232,JU2816,Exposed,2,47,34075,
3,2-Oct-19,89,1233,JU2816,Exposed,3,39,28275,
3,2-Oct-19,89,1234,JU2816,Exposed,4,61,44225,
3,2-Oct-19,89,1235,JU2816,Exposed,5,44,31900,
3,2-Oct-19,89,1236,JU2816,Exposed,6,51,36975,
3,2-Oct-19,90,1237,JU2287,Exposed,1,82,59450,
3,2-Oct-19,90,1238,JU2287,Exposed,2,114,82650,
3,2-Oct-19,90,1239,JU2287,Exposed,3,84,60900,
3,2-Oct-19,90,1240,JU2287,Exposed,4,88,63800,
3,2-Oct-19,90,1241,JU2287,Exposed,5,81,58725,
3,2-Oct-19,90,1242,JU2287,Exposed,6,81,58725,
3,2-Oct-19,91,1243,JU2816,Exposed,1,14,10150,
3,2-Oct-19,91,1244,JU2816,Exposed,2,18,13050,
3,2-Oct-19,91,1245,JU2816,Exposed,3,22,15950,
3,2-Oct-19,91,1246,JU2816,Exposed,4,22,15950,
3,2-Oct-19,91,1247,JU2816,Exposed,5,28,20300,
3,2-Oct-19,91,1248,JU2816,Exposed,6,18,13050,
3,2-Oct-19,92,1249,JU2816,Exposed,1,7,5075,
3,2-Oct-19,92,1250,JU2816,Exposed,2,12,8700,
3,2-Oct-19,92,1251,JU2816,Exposed,3,7,5075,
3,2-Oct-19,92,1252,JU2816,Exposed,4,9,6525,
3,2-Oct-19,92,1253,JU2816,Exposed,5,8,5800,
3,2-Oct-19,92,1254,JU2816,Exposed,6,13,9425,
3,2-Oct-19,93,1255,JU2287,Exposed,1,40,29000,
3,2-Oct-19,93,1256,JU2287,Exposed,2,48,34800,
3,2-Oct-19,93,1257,JU2287,Exposed,3,35,25375,
3,2-Oct-19,93,1258,JU2287,Exposed,4,43,31175,
3,2-Oct-19,93,1259,JU2287,Exposed,5,45,32625,
3,2-Oct-19,93,1260,JU2287,Exposed,6,43,31175,
3,2-Oct-19,94,1261,JU1249,Exposed,1,0,0,
3,2-Oct-19,94,1262,JU1249,Exposed,2,0,0,
3,2-Oct-19,94,1263,JU1249,Exposed,3,0,0,
3,2-Oct-19,94,1264,JU1249,Exposed,4,0,0,
3,2-Oct-19,94,1265,JU1249,Exposed,5,0,0,
3,2-Oct-19,94,1266,JU1249,Exposed,6,0,0,
3,2-Oct-19,95,1267,JU2132,Control,1,98,71050,
3,2-Oct-19,95,1268,JU2132,Control,2,100,72500,
3,2-Oct-19,95,1269,JU2132,Control,3,78,56550,
3,2-Oct-19,95,1270,JU2132,Control,4,90,65250,
3,2-Oct-19,95,1271,JU2132,Control,5,98,71050,
3,2-Oct-19,95,1272,JU2132,Control,6,114,82650,
3,2-Oct-19,96,1273,JU2287,Control,1,66,47850,
3,2-Oct-19,96,1274,JU2287,Control,2,79,57275,
3,2-Oct-19,96,1275,JU2287,Control,3,59,42775,
3,2-Oct-19,96,1276,JU2287,Control,4,47,34075,
3,2-Oct-19,96,1277,JU2287,Control,5,73,52925,
3,2-Oct-19,96,1278,JU2287,Control,6,86,62350,
3,2-Oct-19,97,1279,JU1762,Control,1,28,20300,
3,2-Oct-19,97,1280,JU1762,Control,2,38,27550,
3,2-Oct-19,97,1281,JU1762,Control,3,29,21025,
3,2-Oct-19,97,1282,JU1762,Control,4,27,19575,
3,2-Oct-19,97,1283,JU1762,Control,5,37,26825,
3,2-Oct-19,97,1284,JU1762,Control,6,31,22475,
3,2-Oct-19,98,1285,JU1762,Control,1,65,47125,
3,2-Oct-19,98,1286,JU1762,Control,2,52,37700,
3,2-Oct-19,98,1287,JU1762,Control,3,55,39875,
3,2-Oct-19,98,1288,JU1762,Control,4,63,45675,
3,2-Oct-19,98,1289,JU1762,Control,5,74,53650,
3,2-Oct-19,98,1290,JU1762,Control,6,70,50750,
3,2-Oct-19,99,1291,JU1249,Control,1,73,52925,
3,2-Oct-19,99,1292,JU1249,Control,2,84,60900,
3,2-Oct-19,99,1293,JU1249,Control,3,95,68875,
3,2-Oct-19,99,1294,JU1249,Control,4,84,60900,
3,2-Oct-19,99,1295,JU1249,Control,5,62,44950,
3,2-Oct-19,99,1296,JU1249,Control,6,82,59450,
3,2-Oct-19,100,1297,JU2132,Exposed,1,43,31175,
3,2-Oct-19,100,1298,JU2132,Exposed,2,38,27550,
3,2-Oct-19,100,1299,JU2132,Exposed,3,47,34075,
3,2-Oct-19,100,1300,JU2132,Exposed,4,61,44225,
3,2-Oct-19,100,1301,JU2132,Exposed,5,51,36975,
3,2-Oct-19,100,1302,JU2132,Exposed,6,48,34800,
4,23-Jan-20,1,1,N2,Control,1,67,48575,
4,23-Jan-20,1,2,N2,Control,2,62,44950,
4,23-Jan-20,1,3,N2,Control,3,63,45675,
4,23-Jan-20,1,4,N2,Control,4,60,43500,
4,23-Jan-20,1,5,N2,Control,5,77,55825,
4,23-Jan-20,1,6,N2,Control,6,55,39875,
4,23-Jan-20,2,7,CB4856,Exposed,1,2,1450,
4,23-Jan-20,2,8,CB4856,Exposed,2,2,1450,
4,23-Jan-20,2,9,CB4856,Exposed,3,3,2175,
4,23-Jan-20,2,10,CB4856,Exposed,4,1,725,
4,23-Jan-20,2,11,CB4856,Exposed,5,2,1450,
4,23-Jan-20,2,12,CB4856,Exposed,6,3,2175,
4,23-Jan-20,3,13,JU2132,Control,1,41,29725,
4,23-Jan-20,3,14,JU2132,Control,2,81,58725,
4,23-Jan-20,3,15,JU2132,Control,3,78,56550,
4,23-Jan-20,3,16,JU2132,Control,4,54,39150,
4,23-Jan-20,3,17,JU2132,Control,5,56,40600,
4,23-Jan-20,3,18,JU2132,Control,6,66,47850,
4,23-Jan-20,4,19,JU2816,Control,1,62,44950,
4,23-Jan-20,4,20,JU2816,Control,2,67,48575,
4,23-Jan-20,4,21,JU2816,Control,3,56,40600,
4,23-Jan-20,4,22,JU2816,Control,4,54,39150,
4,23-Jan-20,4,23,JU2816,Control,5,51,36975,
4,23-Jan-20,4,24,JU2816,Control,6,42,30450,
4,23-Jan-20,5,25,N2,Control,1,41,29725,
4,23-Jan-20,5,26,N2,Control,2,66,47850,
4,23-Jan-20,5,27,N2,Control,3,66,47850,
4,23-Jan-20,5,28,N2,Control,4,64,46400,
4,23-Jan-20,5,29,N2,Control,5,50,36250,
4,23-Jan-20,5,30,N2,Control,6,50,36250,
4,23-Jan-20,6,31,N2,Control,1,15,10875,
4,23-Jan-20,6,32,N2,Control,2,19,13775,
4,23-Jan-20,6,33,N2,Control,3,18,13050,
4,23-Jan-20,6,34,N2,Control,4,13,9425,
4,23-Jan-20,6,35,N2,Control,5,10,7250,
4,23-Jan-20,6,36,N2,Control,6,15,10875,
4,23-Jan-20,7,37,JU1762,Control,1,17,12325,
4,23-Jan-20,7,38,JU1762,Control,2,14,10150,
4,23-Jan-20,7,39,JU1762,Control,3,16,11600,
4,23-Jan-20,7,40,JU1762,Control,4,17,12325,
4,23-Jan-20,7,41,JU1762,Control,5,24,17400,
4,23-Jan-20,7,42,JU1762,Control,6,18,13050,
4,23-Jan-20,8,43,JU1762,Control,1,24,17400,
4,23-Jan-20,8,44,JU1762,Control,2,21,15225,
4,23-Jan-20,8,45,JU1762,Control,3,20,14500,
4,23-Jan-20,8,46,JU1762,Control,4,37,26825,
4,23-Jan-20,8,47,JU1762,Control,5,30,21750,
4,23-Jan-20,8,48,JU1762,Control,6,21,15225,
4,23-Jan-20,9,49,JU2132,Exposed,1,16,11600,
4,23-Jan-20,9,50,JU2132,Exposed,2,20,14500,
4,23-Jan-20,9,51,JU2132,Exposed,3,15,10875,
4,23-Jan-20,9,52,JU2132,Exposed,4,21,15225,
4,23-Jan-20,9,53,JU2132,Exposed,5,23,16675,
4,23-Jan-20,9,54,JU2132,Exposed,6,20,14500,
4,23-Jan-20,10,55,JU1249,Exposed,1,10,7250,
4,23-Jan-20,10,56,JU1249,Exposed,2,13,9425,
4,23-Jan-20,10,57,JU1249,Exposed,3,10,7250,
4,23-Jan-20,10,58,JU1249,Exposed,4,9,6525,
4,23-Jan-20,10,59,JU1249,Exposed,5,2,1450,
4,23-Jan-20,10,60,JU1249,Exposed,6,12,8700,
4,23-Jan-20,11,61,JU2132,Control,1,66,47850,
4,23-Jan-20,11,62,JU2132,Control,2,92,66700,
4,23-Jan-20,11,63,JU2132,Control,3,82,59450,
4,23-Jan-20,11,64,JU2132,Control,4,97,70325,
4,23-Jan-20,11,65,JU2132,Control,5,68,49300,
4,23-Jan-20,11,66,JU2132,Control,6,80,58000,
4,23-Jan-20,12,67,JU2816,Exposed,1,5,3625,
4,23-Jan-20,12,68,JU2816,Exposed,2,7,5075,
4,23-Jan-20,12,69,JU2816,Exposed,3,11,7975,
4,23-Jan-20,12,70,JU2816,Exposed,4,4,2900,
4,23-Jan-20,12,71,JU2816,Exposed,5,7,5075,
4,23-Jan-20,12,72,JU2816,Exposed,6,6,4350,
4,23-Jan-20,13,73,JU1249,Exposed,1,33,23925,
4,23-Jan-20,13,74,JU1249,Exposed,2,33,23925,
4,23-Jan-20,13,75,JU1249,Exposed,3,37,26825,
4,23-Jan-20,13,76,JU1249,Exposed,4,29,21025,
4,23-Jan-20,13,77,JU1249,Exposed,5,26,18850,
4,23-Jan-20,13,78,JU1249,Exposed,6,39,28275,
4,23-Jan-20,14,79,CB4856,Exposed,1,17,12325,
4,23-Jan-20,14,80,CB4856,Exposed,2,15,10875,
4,23-Jan-20,14,81,CB4856,Exposed,3,21,15225,
4,23-Jan-20,14,82,CB4856,Exposed,4,19,13775,
4,23-Jan-20,14,83,CB4856,Exposed,5,18,13050,
4,23-Jan-20,14,84,CB4856,Exposed,6,21,15225,
4,23-Jan-20,15,85,JU2816,Exposed,1,11,7975,
4,23-Jan-20,15,86,JU2816,Exposed,2,10,7250,
4,23-Jan-20,15,87,JU2816,Exposed,3,9,6525,
4,23-Jan-20,15,88,JU2816,Exposed,4,13,9425,
4,23-Jan-20,15,89,JU2816,Exposed,5,11,7975,
4,23-Jan-20,15,90,JU2816,Exposed,6,8,5800,
4,23-Jan-20,16,91,CB4856,Exposed,1,33,23925,
4,23-Jan-20,16,92,CB4856,Exposed,2,19,13775,
4,23-Jan-20,16,93,CB4856,Exposed,3,20,14500,
4,23-Jan-20,16,94,CB4856,Exposed,4,31,22475,
4,23-Jan-20,16,95,CB4856,Exposed,5,25,18125,
4,23-Jan-20,16,96,CB4856,Exposed,6,16,11600,
4,23-Jan-20,17,97,JU2132,Exposed,1,36,26100,
4,23-Jan-20,17,98,JU2132,Exposed,2,49,35525,
4,23-Jan-20,17,99,JU2132,Exposed,3,46,33350,
4,23-Jan-20,17,100,JU2132,Exposed,4,52,37700,
4,23-Jan-20,17,101,JU2132,Exposed,5,59,42775,
4,23-Jan-20,17,102,JU2132,Exposed,6,39,28275,
4,23-Jan-20,18,103,CB4856,Control,1,31,22475,
4,23-Jan-20,18,104,CB4856,Control,2,41,29725,
4,23-Jan-20,18,105,CB4856,Control,3,30,21750,
4,23-Jan-20,18,106,CB4856,Control,4,37,26825,
4,23-Jan-20,18,107,CB4856,Control,5,39,28275,
4,23-Jan-20,18,108,CB4856,Control,6,32,23200,
4,23-Jan-20,19,109,N2,Exposed,1,56,40600,
4,23-Jan-20,19,110,N2,Exposed,2,33,23925,
4,23-Jan-20,19,111,N2,Exposed,3,35,25375,
4,23-Jan-20,19,112,N2,Exposed,4,41,29725,
4,23-Jan-20,19,113,N2,Exposed,5,35,25375,
4,23-Jan-20,19,114,N2,Exposed,6,29,21025,
4,23-Jan-20,20,115,JU1249,Exposed,1,72,52200,
4,23-Jan-20,20,116,JU1249,Exposed,2,65,47125,
4,23-Jan-20,20,117,JU1249,Exposed,3,59,42775,
4,23-Jan-20,20,118,JU1249,Exposed,4,61,44225,
4,23-Jan-20,20,119,JU1249,Exposed,5,70,50750,
4,23-Jan-20,20,120,JU1249,Exposed,6,48,34800,
4,23-Jan-20,21,121,JU2132,Exposed,1,28,20300,
4,23-Jan-20,21,122,JU2132,Exposed,2,37,26825,
4,23-Jan-20,21,123,JU2132,Exposed,3,28,20300,
4,23-Jan-20,21,124,JU2132,Exposed,4,41,29725,
4,23-Jan-20,21,125,JU2132,Exposed,5,23,16675,
4,23-Jan-20,21,126,JU2132,Exposed,6,28,20300,
4,23-Jan-20,22,127,JU2816,Exposed,1,14,10150,
4,23-Jan-20,22,128,JU2816,Exposed,2,11,7975,
4,23-Jan-20,22,129,JU2816,Exposed,3,11,7975,
4,23-Jan-20,22,130,JU2816,Exposed,4,9,6525,
4,23-Jan-20,22,131,JU2816,Exposed,5,9,6525,
4,23-Jan-20,22,132,JU2816,Exposed,6,8,5800,
4,23-Jan-20,23,133,CB4856,Exposed,1,44,31900,
4,23-Jan-20,23,134,CB4856,Exposed,2,40,29000,
4,23-Jan-20,23,135,CB4856,Exposed,3,39,28275,
4,23-Jan-20,23,136,CB4856,Exposed,4,51,36975,
4,23-Jan-20,23,137,CB4856,Exposed,5,40,29000,
4,23-Jan-20,23,138,CB4856,Exposed,6,43,31175,
4,23-Jan-20,24,139,JU2132,Exposed,1,48,34800,
4,23-Jan-20,24,140,JU2132,Exposed,2,42,30450,
4,23-Jan-20,24,141,JU2132,Exposed,3,36,26100,
4,23-Jan-20,24,142,JU2132,Exposed,4,42,30450,
4,23-Jan-20,24,143,JU2132,Exposed,5,51,36975,
4,23-Jan-20,24,144,JU2132,Exposed,6,56,40600,
4,23-Jan-20,25,145,N2,Control,1,67,48575,
4,23-Jan-20,25,146,N2,Control,2,70,50750,
4,23-Jan-20,25,147,N2,Control,3,57,41325,
4,23-Jan-20,25,148,N2,Control,4,61,44225,
4,23-Jan-20,25,149,N2,Control,5,59,42775,
4,23-Jan-20,25,150,N2,Control,6,66,47850,
4,23-Jan-20,26,151,JU1249,Control,1,16,11600,
4,23-Jan-20,26,152,JU1249,Control,2,15,10875,
4,23-Jan-20,26,153,JU1249,Control,3,11,7975,
4,23-Jan-20,26,154,JU1249,Control,4,15,10875,
4,23-Jan-20,26,155,JU1249,Control,5,14,10150,
4,23-Jan-20,26,156,JU1249,Control,6,16,11600,
4,23-Jan-20,27,157,JU1249,Exposed,1,64,46400,
4,23-Jan-20,27,158,JU1249,Exposed,2,71,51475,
4,23-Jan-20,27,159,JU1249,Exposed,3,98,71050,
4,23-Jan-20,27,160,JU1249,Exposed,4,82,59450,
4,23-Jan-20,27,161,JU1249,Exposed,5,53,38425,
4,23-Jan-20,27,162,JU1249,Exposed,6,80,58000,
4,23-Jan-20,28,163,CB4856,Control,1,16,11600,
4,23-Jan-20,28,164,CB4856,Control,2,19,13775,
4,23-Jan-20,28,165,CB4856,Control,3,21,15225,
4,23-Jan-20,28,166,CB4856,Control,4,21,15225,
4,23-Jan-20,28,167,CB4856,Control,5,31,22475,
4,23-Jan-20,28,168,CB4856,Control,6,21,15225,
4,23-Jan-20,29,169,CB4856,Exposed,1,44,31900,
4,23-Jan-20,29,170,CB4856,Exposed,2,37,26825,
4,23-Jan-20,29,171,CB4856,Exposed,3,31,22475,
4,23-Jan-20,29,172,CB4856,Exposed,4,32,23200,
4,23-Jan-20,29,173,CB4856,Exposed,5,33,23925,
4,23-Jan-20,29,174,CB4856,Exposed,6,36,26100,
4,23-Jan-20,30,175,JU1762,Control,1,31,22475,
4,23-Jan-20,30,176,JU1762,Control,2,33,23925,
4,23-Jan-20,30,177,JU1762,Control,3,21,15225,
4,23-Jan-20,30,178,JU1762,Control,4,23,16675,
4,23-Jan-20,30,179,JU1762,Control,5,29,21025,
4,23-Jan-20,30,180,JU1762,Control,6,37,26825,
4,23-Jan-20,31,181,N2,Control,1,71,51475,
4,23-Jan-20,31,182,N2,Control,2,48,34800,
4,23-Jan-20,31,183,N2,Control,3,50,36250,
4,23-Jan-20,31,184,N2,Control,4,49,35525,
4,23-Jan-20,31,185,N2,Control,5,55,39875,
4,23-Jan-20,31,186,N2,Control,6,38,27550,
4,23-Jan-20,32,187,N2,Control,1,66,47850,
4,23-Jan-20,32,188,N2,Control,2,63,45675,
4,23-Jan-20,32,189,N2,Control,3,56,40600,
4,23-Jan-20,32,190,N2,Control,4,49,35525,
4,23-Jan-20,32,191,N2,Control,5,57,41325,
4,23-Jan-20,32,192,N2,Control,6,70,50750,
4,23-Jan-20,33,193,N2,Exposed,1,25,18125,
4,23-Jan-20,33,194,N2,Exposed,2,29,21025,
4,23-Jan-20,33,195,N2,Exposed,3,21,15225,
4,23-Jan-20,33,196,N2,Exposed,4,31,22475,
4,23-Jan-20,33,197,N2,Exposed,5,26,18850,
4,23-Jan-20,33,198,N2,Exposed,6,38,27550,
4,23-Jan-20,34,199,N2,Exposed,1,0,0,
4,23-Jan-20,34,200,N2,Exposed,2,0,0,
4,23-Jan-20,34,201,N2,Exposed,3,0,0,
4,23-Jan-20,34,202,N2,Exposed,4,0,0,
4,23-Jan-20,34,203,N2,Exposed,5,0,0,
4,23-Jan-20,34,204,N2,Exposed,6,0,0,
4,23-Jan-20,35,205,JU2816,Exposed,1,20,14500,
4,23-Jan-20,35,206,JU2816,Exposed,2,22,15950,
4,23-Jan-20,35,207,JU2816,Exposed,3,19,13775,
4,23-Jan-20,35,208,JU2816,Exposed,4,18,13050,
4,23-Jan-20,35,209,JU2816,Exposed,5,9,6525,
4,23-Jan-20,35,210,JU2816,Exposed,6,25,18125,
4,23-Jan-20,36,211,JU2132,Control,1,68,49300,
4,23-Jan-20,36,212,JU2132,Control,2,64,46400,
4,23-Jan-20,36,213,JU2132,Control,3,45,32625,
4,23-Jan-20,36,214,JU2132,Control,4,55,39875,
4,23-Jan-20,36,215,JU2132,Control,5,45,32625,
4,23-Jan-20,36,216,JU2132,Control,6,47,34075,
4,23-Jan-20,37,217,JU2816,Exposed,1,4,2900,
4,23-Jan-20,37,218,JU2816,Exposed,2,7,5075,
4,23-Jan-20,37,219,JU2816,Exposed,3,5,3625,
4,23-Jan-20,37,220,JU2816,Exposed,4,6,4350,
4,23-Jan-20,37,221,JU2816,Exposed,5,3,2175,
4,23-Jan-20,37,222,JU2816,Exposed,6,10,7250,
4,23-Jan-20,38,223,JU2816,Control,1,41,29725,
4,23-Jan-20,38,224,JU2816,Control,2,42,30450,
4,23-Jan-20,38,225,JU2816,Control,3,37,26825,
4,23-Jan-20,38,226,JU2816,Control,4,38,27550,
4,23-Jan-20,38,227,JU2816,Control,5,45,32625,
4,23-Jan-20,38,228,JU2816,Control,6,46,33350,
4,23-Jan-20,39,229,CB4856,Control,1,37,26825,
4,23-Jan-20,39,230,CB4856,Control,2,20,14500,
4,23-Jan-20,39,231,CB4856,Control,3,23,16675,
4,23-Jan-20,39,232,CB4856,Control,4,41,29725,
4,23-Jan-20,39,233,CB4856,Control,5,25,18125,
4,23-Jan-20,39,234,CB4856,Control,6,25,18125,
4,23-Jan-20,40,235,JU1762,Exposed,1,24,17400,
4,23-Jan-20,40,236,JU1762,Exposed,2,20,14500,
4,23-Jan-20,40,237,JU1762,Exposed,3,15,10875,
4,23-Jan-20,40,238,JU1762,Exposed,4,16,11600,
4,23-Jan-20,40,239,JU1762,Exposed,5,12,8700,
4,23-Jan-20,40,240,JU1762,Exposed,6,20,14500,
4,23-Jan-20,41,241,N2,Exposed,1,3,2175,
4,23-Jan-20,41,242,N2,Exposed,2,2,1450,
4,23-Jan-20,41,243,N2,Exposed,3,4,2900,
4,23-Jan-20,41,244,N2,Exposed,4,3,2175,
4,23-Jan-20,41,245,N2,Exposed,5,3,2175,
4,23-Jan-20,41,246,N2,Exposed,6,4,2900,
4,23-Jan-20,42,247,N2,Control,1,33,23925,
4,23-Jan-20,42,248,N2,Control,2,45,32625,
4,23-Jan-20,42,249,N2,Control,3,34,24650,
4,23-Jan-20,42,250,N2,Control,4,50,36250,
4,23-Jan-20,42,251,N2,Control,5,40,29000,
4,23-Jan-20,42,252,N2,Control,6,38,27550,
4,23-Jan-20,43,253,JU1249,Exposed,1,32,23200,
4,23-Jan-20,43,254,JU1249,Exposed,2,29,21025,
4,23-Jan-20,43,255,JU1249,Exposed,3,35,25375,
4,23-Jan-20,43,256,JU1249,Exposed,4,39,28275,
4,23-Jan-20,43,257,JU1249,Exposed,5,23,16675,
4,23-Jan-20,43,258,JU1249,Exposed,6,43,31175,
4,23-Jan-20,44,259,N2,Exposed,1,4,2900,
4,23-Jan-20,44,260,N2,Exposed,2,3,2175,
4,23-Jan-20,44,261,N2,Exposed,3,1,725,
4,23-Jan-20,44,262,N2,Exposed,4,1,725,
4,23-Jan-20,44,263,N2,Exposed,5,1,725,
4,23-Jan-20,44,264,N2,Exposed,6,2,1450,
4,23-Jan-20,45,265,JU1762,Exposed,1,20,14500,
4,23-Jan-20,45,266,JU1762,Exposed,2,25,18125,
4,23-Jan-20,45,267,JU1762,Exposed,3,28,20300,
4,23-Jan-20,45,268,JU1762,Exposed,4,24,17400,
4,23-Jan-20,45,269,JU1762,Exposed,5,17,12325,
4,23-Jan-20,45,270,JU1762,Exposed,6,16,11600,
4,23-Jan-20,46,271,JU1249,Control,1,78,56550,
4,23-Jan-20,46,272,JU1249,Control,2,99,71775,
4,23-Jan-20,46,273,JU1249,Control,3,81,58725,
4,23-Jan-20,46,274,JU1249,Control,4,84,60900,
4,23-Jan-20,46,275,JU1249,Control,5,83,60175,
4,23-Jan-20,46,276,JU1249,Control,6,70,50750,
4,23-Jan-20,47,277,JU2816,Exposed,1,1,725,
4,23-Jan-20,47,278,JU2816,Exposed,2,0,0,
4,23-Jan-20,47,279,JU2816,Exposed,3,0,0,
4,23-Jan-20,47,280,JU2816,Exposed,4,2,1450,
4,23-Jan-20,47,281,JU2816,Exposed,5,0,0,
4,23-Jan-20,47,282,JU2816,Exposed,6,0,0,
4,23-Jan-20,48,283,N2,Exposed,1,12,8700,
4,23-Jan-20,48,284,N2,Exposed,2,11,7975,
4,23-Jan-20,48,285,N2,Exposed,3,10,7250,
4,23-Jan-20,48,286,N2,Exposed,4,10,7250,
4,23-Jan-20,48,287,N2,Exposed,5,8,5800,
4,23-Jan-20,48,288,N2,Exposed,6,11,7975,
4,23-Jan-20,49,289,JU1762,Control,1,44,31900,
4,23-Jan-20,49,290,JU1762,Control,2,46,33350,
4,23-Jan-20,49,291,JU1762,Control,3,38,27550,
4,23-Jan-20,49,292,JU1762,Control,4,57,41325,
4,23-Jan-20,49,293,JU1762,Control,5,52,37700,
4,23-Jan-20,49,294,JU1762,Control,6,55,39875,
4,23-Jan-20,50,295,JU2816,Control,1,27,19575,
4,23-Jan-20,50,296,JU2816,Control,2,24,17400,
4,23-Jan-20,50,297,JU2816,Control,3,23,16675,
4,23-Jan-20,50,298,JU2816,Control,4,29,21025,
4,23-Jan-20,50,299,JU2816,Control,5,26,18850,
4,23-Jan-20,50,300,JU2816,Control,6,27,19575,
4,23-Jan-20,51,301,JU1762,Exposed,1,2,1450,
4,23-Jan-20,51,302,JU1762,Exposed,2,4,2900,
4,23-Jan-20,51,303,JU1762,Exposed,3,4,2900,
4,23-Jan-20,51,304,JU1762,Exposed,4,1,725,
4,23-Jan-20,51,305,JU1762,Exposed,5,3,2175,
4,23-Jan-20,51,306,JU1762,Exposed,6,3,2175,
4,23-Jan-20,52,307,CB4856,Exposed,1,8,5800,
4,23-Jan-20,52,308,CB4856,Exposed,2,11,7975,
4,23-Jan-20,52,309,CB4856,Exposed,3,18,13050,
4,23-Jan-20,52,310,CB4856,Exposed,4,10,7250,
4,23-Jan-20,52,311,CB4856,Exposed,5,12,8700,
4,23-Jan-20,52,312,CB4856,Exposed,6,10,7250,
4,23-Jan-20,53,313,JU1249,Exposed,1,23,16675,
4,23-Jan-20,53,314,JU1249,Exposed,2,26,18850,
4,23-Jan-20,53,315,JU1249,Exposed,3,18,13050,
4,23-Jan-20,53,316,JU1249,Exposed,4,21,15225,
4,23-Jan-20,53,317,JU1249,Exposed,5,25,18125,
4,23-Jan-20,53,318,JU1249,Exposed,6,29,21025,
4,23-Jan-20,54,319,JU2132,Control,1,97,70325,
4,23-Jan-20,54,320,JU2132,Control,2,92,66700,
4,23-Jan-20,54,321,JU2132,Control,3,94,68150,
4,23-Jan-20,54,322,JU2132,Control,4,111,80475,
4,23-Jan-20,54,323,JU2132,Control,5,93,67425,
4,23-Jan-20,54,324,JU2132,Control,6,77,55825,
4,23-Jan-20,55,325,JU1762,Exposed,1,9,6525,
4,23-Jan-20,55,326,JU1762,Exposed,2,10,7250,
4,23-Jan-20,55,327,JU1762,Exposed,3,7,5075,
4,23-Jan-20,55,328,JU1762,Exposed,4,5,3625,
4,23-Jan-20,55,329,JU1762,Exposed,5,13,9425,
4,23-Jan-20,55,330,JU1762,Exposed,6,9,6525,
4,23-Jan-20,56,331,JU2816,Control,1,44,31900,
4,23-Jan-20,56,332,JU2816,Control,2,48,34800,
4,23-Jan-20,56,333,JU2816,Control,3,51,36975,
4,23-Jan-20,56,334,JU2816,Control,4,49,35525,
4,23-Jan-20,56,335,JU2816,Control,5,56,40600,
4,23-Jan-20,56,336,JU2816,Control,6,51,36975,
4,23-Jan-20,57,337,CB4856,Exposed,1,30,21750,
4,23-Jan-20,57,338,CB4856,Exposed,2,30,21750,
4,23-Jan-20,57,339,CB4856,Exposed,3,25,18125,
4,23-Jan-20,57,340,CB4856,Exposed,4,34,24650,
4,23-Jan-20,57,341,CB4856,Exposed,5,33,23925,
4,23-Jan-20,57,342,CB4856,Exposed,6,34,24650,
4,23-Jan-20,58,343,N2,Control,1,39,28275,
4,23-Jan-20,58,344,N2,Control,2,37,26825,
4,23-Jan-20,58,345,N2,Control,3,37,26825,
4,23-Jan-20,58,346,N2,Control,4,42,30450,
4,23-Jan-20,58,347,N2,Control,5,39,28275,
4,23-Jan-20,58,348,N2,Control,6,51,36975,
4,23-Jan-20,59,349,CB4856,Control,1,25,18125,
4,23-Jan-20,59,350,CB4856,Control,2,26,18850,
4,23-Jan-20,59,351,CB4856,Control,3,19,13775,
4,23-Jan-20,59,352,CB4856,Control,4,22,15950,
4,23-Jan-20,59,353,CB4856,Control,5,30,21750,
4,23-Jan-20,59,354,CB4856,Control,6,24,17400,
4,23-Jan-20,60,355,JU1762,Exposed,1,10,7250,
4,23-Jan-20,60,356,JU1762,Exposed,2,3,2175,
4,23-Jan-20,60,357,JU1762,Exposed,3,2,1450,
4,23-Jan-20,60,358,JU1762,Exposed,4,4,2900,
4,23-Jan-20,60,359,JU1762,Exposed,5,4,2900,
4,23-Jan-20,60,360,JU1762,Exposed,6,5,3625,
4,23-Jan-20,61,361,JU2132,Exposed,1,10,7250,
4,23-Jan-20,61,362,JU2132,Exposed,2,13,9425,
4,23-Jan-20,61,363,JU2132,Exposed,3,20,14500,
4,23-Jan-20,61,364,JU2132,Exposed,4,22,15950,
4,23-Jan-20,61,365,JU2132,Exposed,5,20,14500,
4,23-Jan-20,61,366,JU2132,Exposed,6,23,16675,
4,23-Jan-20,62,367,JU1249,Control,1,53,38425,
4,23-Jan-20,62,368,JU1249,Control,2,39,28275,
4,23-Jan-20,62,369,JU1249,Control,3,48,34800,
4,23-Jan-20,62,370,JU1249,Control,4,49,35525,
4,23-Jan-20,62,371,JU1249,Control,5,61,44225,
4,23-Jan-20,62,372,JU1249,Control,6,56,40600,
4,23-Jan-20,63,373,N2,Exposed,1,65,47125,
4,23-Jan-20,63,374,N2,Exposed,2,70,50750,
4,23-Jan-20,63,375,N2,Exposed,3,66,47850,
4,23-Jan-20,63,376,N2,Exposed,4,71,51475,
4,23-Jan-20,63,377,N2,Exposed,5,56,40600,
4,23-Jan-20,63,378,N2,Exposed,6,55,39875,
4,23-Jan-20,64,379,JU2816,Control,1,48,34800,
4,23-Jan-20,64,380,JU2816,Control,2,33,23925,
4,23-Jan-20,64,381,JU2816,Control,3,57,41325,
4,23-Jan-20,64,382,JU2816,Control,4,47,34075,
4,23-Jan-20,64,383,JU2816,Control,5,41,29725,
4,23-Jan-20,64,384,JU2816,Control,6,44,31900,
4,23-Jan-20,65,385,CB4856,Control,1,3,2175,
4,23-Jan-20,65,386,CB4856,Control,2,5,3625,
4,23-Jan-20,65,387,CB4856,Control,3,7,5075,
4,23-Jan-20,65,388,CB4856,Control,4,6,4350,
4,23-Jan-20,65,389,CB4856,Control,5,8,5800,
4,23-Jan-20,65,390,CB4856,Control,6,9,6525,
4,23-Jan-20,66,391,CB4856,Control,1,22,15950,
4,23-Jan-20,66,392,CB4856,Control,2,24,17400,
4,23-Jan-20,66,393,CB4856,Control,3,30,21750,
4,23-Jan-20,66,394,CB4856,Control,4,29,21025,
4,23-Jan-20,66,395,CB4856,Control,5,25,18125,
4,23-Jan-20,66,396,CB4856,Control,6,22,15950,
4,23-Jan-20,67,397,JU1762,Exposed,1,10,7250,
4,23-Jan-20,67,398,JU1762,Exposed,2,9,6525,
4,23-Jan-20,67,399,JU1762,Exposed,3,7,5075,
4,23-Jan-20,67,400,JU1762,Exposed,4,12,8700,
4,23-Jan-20,67,401,JU1762,Exposed,5,1,725,
4,23-Jan-20,67,402,JU1762,Exposed,6,7,5075,
4,23-Jan-20,68,403,JU2132,Exposed,1,15,10875,
4,23-Jan-20,68,404,JU2132,Exposed,2,20,14500,
4,23-Jan-20,68,405,JU2132,Exposed,3,17,12325,
4,23-Jan-20,68,406,JU2132,Exposed,4,16,11600,
4,23-Jan-20,68,407,JU2132,Exposed,5,20,14500,
4,23-Jan-20,68,408,JU2132,Exposed,6,21,15225,
4,23-Jan-20,69,409,CB4856,Control,1,42,30450,
4,23-Jan-20,69,410,CB4856,Control,2,27,19575,
4,23-Jan-20,69,411,CB4856,Control,3,44,31900,
4,23-Jan-20,69,412,CB4856,Control,4,51,36975,
4,23-Jan-20,69,413,CB4856,Control,5,59,42775,
4,23-Jan-20,69,414,CB4856,Control,6,47,34075,
4,23-Jan-20,70,415,JU2816,Exposed,1,4,2900,
4,23-Jan-20,70,416,JU2816,Exposed,2,1,725,
4,23-Jan-20,70,417,JU2816,Exposed,3,6,4350,
4,23-Jan-20,70,418,JU2816,Exposed,4,1,725,
4,23-Jan-20,70,419,JU2816,Exposed,5,5,3625,
4,23-Jan-20,70,420,JU2816,Exposed,6,7,5075,
4,23-Jan-20,71,421,JU1249,Exposed,1,11,7975,
4,23-Jan-20,71,422,JU1249,Exposed,2,16,11600,
4,23-Jan-20,71,423,JU1249,Exposed,3,17,12325,
4,23-Jan-20,71,424,JU1249,Exposed,4,15,10875,
4,23-Jan-20,71,425,JU1249,Exposed,5,27,19575,
4,23-Jan-20,71,426,JU1249,Exposed,6,28,20300,
4,23-Jan-20,72,427,N2,Exposed,1,24,17400,
4,23-Jan-20,72,428,N2,Exposed,2,29,21025,
4,23-Jan-20,72,429,N2,Exposed,3,24,17400,
4,23-Jan-20,72,430,N2,Exposed,4,27,19575,
4,23-Jan-20,72,431,N2,Exposed,5,25,18125,
4,23-Jan-20,72,432,N2,Exposed,6,23,16675,
4,23-Jan-20,73,433,JU1249,Control,1,57,41325,
4,23-Jan-20,73,434,JU1249,Control,2,50,36250,
4,23-Jan-20,73,435,JU1249,Control,3,56,40600,
4,23-Jan-20,73,436,JU1249,Control,4,64,46400,
4,23-Jan-20,73,437,JU1249,Control,5,57,41325,
4,23-Jan-20,73,438,JU1249,Control,6,63,45675,
4,23-Jan-20,74,439,CB4856,Control,1,19,13775,
4,23-Jan-20,74,440,CB4856,Control,2,21,15225,
4,23-Jan-20,74,441,CB4856,Control,3,14,10150,
4,23-Jan-20,74,442,CB4856,Control,4,20,14500,
4,23-Jan-20,74,443,CB4856,Control,5,12,8700,
4,23-Jan-20,74,444,CB4856,Control,6,15,10875,
4,23-Jan-20,75,445,CB4856,Exposed,1,10,7250,
4,23-Jan-20,75,446,CB4856,Exposed,2,14,10150,
4,23-Jan-20,75,447,CB4856,Exposed,3,9,6525,
4,23-Jan-20,75,448,CB4856,Exposed,4,8,5800,
4,23-Jan-20,75,449,CB4856,Exposed,5,6,4350,
4,23-Jan-20,75,450,CB4856,Exposed,6,10,7250,
4,23-Jan-20,76,NA,JU2816,Control,1,NA,NA,
4,23-Jan-20,76,NA,JU2816,Control,2,NA,NA,
4,23-Jan-20,76,NA,JU2816,Control,3,NA,NA,
4,23-Jan-20,76,NA,JU2816,Control,4,NA,NA,
4,23-Jan-20,76,NA,JU2816,Control,5,NA,NA,
4,23-Jan-20,76,NA,JU2816,Control,6,NA,NA,
4,23-Jan-20,77,451,JU1762,Exposed,1,22,15950,
4,23-Jan-20,77,452,JU1762,Exposed,2,22,15950,
4,23-Jan-20,77,453,JU1762,Exposed,3,25,18125,
4,23-Jan-20,77,454,JU1762,Exposed,4,27,19575,
4,23-Jan-20,77,455,JU1762,Exposed,5,30,21750,
4,23-Jan-20,77,456,JU1762,Exposed,6,26,18850,
4,23-Jan-20,78,457,JU2132,Exposed,1,23,16675,
4,23-Jan-20,78,458,JU2132,Exposed,2,27,19575,
4,23-Jan-20,78,459,JU2132,Exposed,3,33,23925,
4,23-Jan-20,78,460,JU2132,Exposed,4,24,17400,
4,23-Jan-20,78,461,JU2132,Exposed,5,23,16675,
4,23-Jan-20,78,462,JU2132,Exposed,6,26,18850,
4,23-Jan-20,79,463,N2,Control,1,69,50025,
4,23-Jan-20,79,464,N2,Control,2,54,39150,
4,23-Jan-20,79,465,N2,Control,3,60,43500,
4,23-Jan-20,79,466,N2,Control,4,57,41325,
4,23-Jan-20,79,467,N2,Control,5,71,51475,
4,23-Jan-20,79,468,N2,Control,6,57,41325,
4,23-Jan-20,80,469,JU1762,Exposed,1,6,4350,
4,23-Jan-20,80,470,JU1762,Exposed,2,7,5075,
4,23-Jan-20,80,471,JU1762,Exposed,3,5,3625,
4,23-Jan-20,80,472,JU1762,Exposed,4,5,3625,
4,23-Jan-20,80,473,JU1762,Exposed,5,4,2900,
4,23-Jan-20,80,474,JU1762,Exposed,6,5,3625,
4,23-Jan-20,81,475,N2,Control,1,39,28275,
4,23-Jan-20,81,476,N2,Control,2,55,39875,
4,23-Jan-20,81,477,N2,Control,3,47,34075,
4,23-Jan-20,81,478,N2,Control,4,43,31175,
4,23-Jan-20,81,479,N2,Control,5,51,36975,
4,23-Jan-20,81,480,N2,Control,6,49,35525,
4,23-Jan-20,82,481,JU1249,Control,1,74,53650,
4,23-Jan-20,82,482,JU1249,Control,2,77,55825,
4,23-Jan-20,82,483,JU1249,Control,3,81,58725,
4,23-Jan-20,82,484,JU1249,Control,4,86,62350,
4,23-Jan-20,82,485,JU1249,Control,5,89,64525,
4,23-Jan-20,82,486,JU1249,Control,6,85,61625,
4,23-Jan-20,83,487,JU1249,Control,1,61,44225,
4,23-Jan-20,83,488,JU1249,Control,2,82,59450,
4,23-Jan-20,83,489,JU1249,Control,3,68,49300,
4,23-Jan-20,83,490,JU1249,Control,4,80,58000,
4,23-Jan-20,83,491,JU1249,Control,5,75,54375,
4,23-Jan-20,83,492,JU1249,Control,6,69,50025,
4,23-Jan-20,84,493,JU2132,Control,1,100,72500,
4,23-Jan-20,84,494,JU2132,Control,2,106,76850,
4,23-Jan-20,84,495,JU2132,Control,3,103,74675,
4,23-Jan-20,84,496,JU2132,Control,4,98,71050,
4,23-Jan-20,84,497,JU2132,Control,5,104,75400,
4,23-Jan-20,84,498,JU2132,Control,6,96,69600,
4,23-Jan-20,85,499,JU2132,Control,1,70,50750,
4,23-Jan-20,85,500,JU2132,Control,2,90,65250,
4,23-Jan-20,85,501,JU2132,Control,3,98,71050,
4,23-Jan-20,85,502,JU2132,Control,4,99,71775,
4,23-Jan-20,85,503,JU2132,Control,5,106,76850,
4,23-Jan-20,85,504,JU2132,Control,6,107,77575,
4,23-Jan-20,86,505,JU1762,Exposed,1,16,11600,
4,23-Jan-20,86,506,JU1762,Exposed,2,10,7250,
4,23-Jan-20,86,507,JU1762,Exposed,3,11,7975,
4,23-Jan-20,86,508,JU1762,Exposed,4,15,10875,
4,23-Jan-20,86,509,JU1762,Exposed,5,8,5800,
4,23-Jan-20,86,510,JU1762,Exposed,6,7,5075,
4,23-Jan-20,87,511,JU1249,Control,1,55,39875,
4,23-Jan-20,87,512,JU1249,Control,2,65,47125,
4,23-Jan-20,87,513,JU1249,Control,3,74,53650,
4,23-Jan-20,87,514,JU1249,Control,4,79,57275,
4,23-Jan-20,87,515,JU1249,Control,5,57,41325,
4,23-Jan-20,87,516,JU1249,Control,6,72,52200,
4,23-Jan-20,88,517,CB4856,Control,1,24,17400,
4,23-Jan-20,88,518,CB4856,Control,2,18,13050,
4,23-Jan-20,88,519,CB4856,Control,3,38,27550,
4,23-Jan-20,88,520,CB4856,Control,4,23,16675,
4,23-Jan-20,88,521,CB4856,Control,5,22,15950,
4,23-Jan-20,88,522,CB4856,Control,6,24,17400,
4,23-Jan-20,89,523,JU2816,Control,1,38,27550,
4,23-Jan-20,89,524,JU2816,Control,2,43,31175,
4,23-Jan-20,89,525,JU2816,Control,3,49,35525,
4,23-Jan-20,89,526,JU2816,Control,4,39,28275,
4,23-Jan-20,89,527,JU2816,Control,5,40,29000,
4,23-Jan-20,89,528,JU2816,Control,6,42,30450,
4,23-Jan-20,90,529,JU1762,Control,1,23,16675,
4,23-Jan-20,90,530,JU1762,Control,2,24,17400,
4,23-Jan-20,90,531,JU1762,Control,3,30,21750,
4,23-Jan-20,90,532,JU1762,Control,4,25,18125,
4,23-Jan-20,90,533,JU1762,Control,5,24,17400,
4,23-Jan-20,90,534,JU1762,Control,6,25,18125,
4,23-Jan-20,91,535,JU1249,Control,1,76,55100,
4,23-Jan-20,91,536,JU1249,Control,2,72,52200,
4,23-Jan-20,91,537,JU1249,Control,3,65,47125,
4,23-Jan-20,91,538,JU1249,Control,4,68,49300,
4,23-Jan-20,91,539,JU1249,Control,5,80,58000,
4,23-Jan-20,91,540,JU1249,Control,6,63,45675,
4,23-Jan-20,92,541,JU1249,Exposed,1,66,47850,
4,23-Jan-20,92,542,JU1249,Exposed,2,80,58000,
4,23-Jan-20,92,543,JU1249,Exposed,3,74,53650,
4,23-Jan-20,92,544,JU1249,Exposed,4,73,52925,
4,23-Jan-20,92,545,JU1249,Exposed,5,82,59450,
4,23-Jan-20,92,546,JU1249,Exposed,6,85,61625,
4,23-Jan-20,93,547,JU2816,Exposed,1,3,2175,
4,23-Jan-20,93,548,JU2816,Exposed,2,7,5075,
4,23-Jan-20,93,549,JU2816,Exposed,3,7,5075,
4,23-Jan-20,93,550,JU2816,Exposed,4,7,5075,
4,23-Jan-20,93,551,JU2816,Exposed,5,5,3625,
4,23-Jan-20,93,552,JU2816,Exposed,6,8,5800,
4,23-Jan-20,94,553,JU1249,Control,1,74,53650,
4,23-Jan-20,94,554,JU1249,Control,2,71,51475,
4,23-Jan-20,94,555,JU1249,Control,3,83,60175,
4,23-Jan-20,94,556,JU1249,Control,4,73,52925,
4,23-Jan-20,94,557,JU1249,Control,5,83,60175,
4,23-Jan-20,94,558,JU1249,Control,6,63,45675,
4,23-Jan-20,95,559,JU1249,Control,1,86,62350,
4,23-Jan-20,95,560,JU1249,Control,2,68,49300,
4,23-Jan-20,95,561,JU1249,Control,3,74,53650,
4,23-Jan-20,95,562,JU1249,Control,4,83,60175,
4,23-Jan-20,95,563,JU1249,Control,5,87,63075,
4,23-Jan-20,95,564,JU1249,Control,6,73,52925,
4,23-Jan-20,96,565,JU1762,Control,1,9,6525,
4,23-Jan-20,96,566,JU1762,Control,2,14,10150,
4,23-Jan-20,96,567,JU1762,Control,3,6,4350,
4,23-Jan-20,96,568,JU1762,Control,4,16,11600,
4,23-Jan-20,96,569,JU1762,Control,5,12,8700,
4,23-Jan-20,96,570,JU1762,Control,6,11,7975,
4,23-Jan-20,97,571,JU2132,Control,1,72,52200,
4,23-Jan-20,97,572,JU2132,Control,2,84,60900,
4,23-Jan-20,97,573,JU2132,Control,3,87,63075,
4,23-Jan-20,97,574,JU2132,Control,4,90,65250,
4,23-Jan-20,97,575,JU2132,Control,5,72,52200,
4,23-Jan-20,97,576,JU2132,Control,6,99,71775,
4,23-Jan-20,98,577,JU1762,Control,1,48,34800,
4,23-Jan-20,98,578,JU1762,Control,2,37,26825,
4,23-Jan-20,98,579,JU1762,Control,3,55,39875,
4,23-Jan-20,98,580,JU1762,Control,4,38,27550,
4,23-Jan-20,98,581,JU1762,Control,5,57,41325,
4,23-Jan-20,98,582,JU1762,Control,6,42,30450,
4,23-Jan-20,99,583,JU1762,Control,1,22,15950,
4,23-Jan-20,99,584,JU1762,Control,2,27,19575,
4,23-Jan-20,99,585,JU1762,Control,3,17,12325,
4,23-Jan-20,99,586,JU1762,Control,4,33,23925,
4,23-Jan-20,99,587,JU1762,Control,5,30,21750,
4,23-Jan-20,99,588,JU1762,Control,6,38,27550,
4,23-Jan-20,100,589,JU2816,Exposed,1,1,725,
4,23-Jan-20,100,590,JU2816,Exposed,2,2,1450,
4,23-Jan-20,100,591,JU2816,Exposed,3,1,725,
4,23-Jan-20,100,592,JU2816,Exposed,4,1,725,
4,23-Jan-20,100,593,JU2816,Exposed,5,3,2175,
4,23-Jan-20,100,594,JU2816,Exposed,6,2,1450,
4,23-Jan-20,101,595,JU1249,Exposed,1,35,25375,
4,23-Jan-20,101,596,JU1249,Exposed,2,33,23925,
4,23-Jan-20,101,597,JU1249,Exposed,3,40,29000,
4,23-Jan-20,101,598,JU1249,Exposed,4,31,22475,
4,23-Jan-20,101,599,JU1249,Exposed,5,45,32625,
4,23-Jan-20,101,600,JU1249,Exposed,6,35,25375,
4,23-Jan-20,102,601,N2,Exposed,1,13,9425,
4,23-Jan-20,102,602,N2,Exposed,2,27,19575,
4,23-Jan-20,102,603,N2,Exposed,3,24,17400,
4,23-Jan-20,102,604,N2,Exposed,4,21,15225,
4,23-Jan-20,102,605,N2,Exposed,5,20,14500,
4,23-Jan-20,102,606,N2,Exposed,6,18,13050,
4,23-Jan-20,103,607,JU1762,Exposed,1,1,725,
4,23-Jan-20,103,608,JU1762,Exposed,2,0,0,
4,23-Jan-20,103,609,JU1762,Exposed,3,5,3625,
4,23-Jan-20,103,610,JU1762,Exposed,4,2,1450,
4,23-Jan-20,103,611,JU1762,Exposed,5,2,1450,
4,23-Jan-20,103,612,JU1762,Exposed,6,2,1450,
4,23-Jan-20,104,613,JU2816,Control,1,33,23925,
4,23-Jan-20,104,614,JU2816,Control,2,39,28275,
4,23-Jan-20,104,615,JU2816,Control,3,36,26100,
4,23-Jan-20,104,616,JU2816,Control,4,29,21025,
4,23-Jan-20,104,617,JU2816,Control,5,52,37700,
4,23-Jan-20,104,618,JU2816,Control,6,39,28275,
4,23-Jan-20,105,619,JU2816,Control,1,32,23200,
4,23-Jan-20,105,620,JU2816,Control,2,22,15950,
4,23-Jan-20,105,621,JU2816,Control,3,20,14500,
4,23-Jan-20,105,622,JU2816,Control,4,25,18125,
4,23-Jan-20,105,623,JU2816,Control,5,27,19575,
4,23-Jan-20,105,624,JU2816,Control,6,30,21750,
4,23-Jan-20,106,625,JU2132,Control,1,85,61625,
4,23-Jan-20,106,626,JU2132,Control,2,85,61625,
4,23-Jan-20,106,627,JU2132,Control,3,89,64525,
4,23-Jan-20,106,628,JU2132,Control,4,39,28275,
4,23-Jan-20,106,629,JU2132,Control,5,78,56550,
4,23-Jan-20,106,630,JU2132,Control,6,88,63800,
4,23-Jan-20,107,631,N2,Exposed,1,13,9425,
4,23-Jan-20,107,632,N2,Exposed,2,14,10150,
4,23-Jan-20,107,633,N2,Exposed,3,30,21750,
4,23-Jan-20,107,634,N2,Exposed,4,28,20300,
4,23-Jan-20,107,635,N2,Exposed,5,18,13050,
4,23-Jan-20,107,636,N2,Exposed,6,11,7975,
4,23-Jan-20,108,637,JU2132,Control,1,132,95700,
4,23-Jan-20,108,638,JU2132,Control,2,94,68150,
4,23-Jan-20,108,639,JU2132,Control,3,120,87000,
4,23-Jan-20,108,640,JU2132,Control,4,91,65975,
4,23-Jan-20,108,641,JU2132,Control,5,64,46400,
4,23-Jan-20,108,642,JU2132,Control,6,87,63075,
4,23-Jan-20,109,643,CB4856,Control,1,26,18850,
4,23-Jan-20,109,644,CB4856,Control,2,15,10875,
4,23-Jan-20,109,645,CB4856,Control,3,22,15950,
4,23-Jan-20,109,646,CB4856,Control,4,35,25375,
4,23-Jan-20,109,647,CB4856,Control,5,21,15225,
4,23-Jan-20,109,648,CB4856,Control,6,22,15950,
4,23-Jan-20,110,649,CB4856,Exposed,1,12,8700,
4,23-Jan-20,110,650,CB4856,Exposed,2,11,7975,
4,23-Jan-20,110,651,CB4856,Exposed,3,15,10875,
4,23-Jan-20,110,652,CB4856,Exposed,4,10,7250,
4,23-Jan-20,110,653,CB4856,Exposed,5,15,10875,
4,23-Jan-20,110,654,CB4856,Exposed,6,13,9425,
4,23-Jan-20,111,655,JU1762,Control,1,28,20300,
4,23-Jan-20,111,656,JU1762,Control,2,31,22475,
4,23-Jan-20,111,657,JU1762,Control,3,28,20300,
4,23-Jan-20,111,658,JU1762,Control,4,24,17400,
4,23-Jan-20,111,659,JU1762,Control,5,26,18850,
4,23-Jan-20,111,660,JU1762,Control,6,30,21750,
4,23-Jan-20,112,661,JU2132,Control,1,82,59450,
4,23-Jan-20,112,662,JU2132,Control,2,96,69600,
4,23-Jan-20,112,663,JU2132,Control,3,98,71050,
4,23-Jan-20,112,664,JU2132,Control,4,102,73950,
4,23-Jan-20,112,665,JU2132,Control,5,113,81925,
4,23-Jan-20,112,666,JU2132,Control,6,112,81200,
4,23-Jan-20,113,667,JU1762,Control,1,22,15950,
4,23-Jan-20,113,668,JU1762,Control,2,40,29000,
4,23-Jan-20,113,669,JU1762,Control,3,34,24650,
4,23-Jan-20,113,670,JU1762,Control,4,33,23925,
4,23-Jan-20,113,671,JU1762,Control,5,34,24650,
4,23-Jan-20,113,672,JU1762,Control,6,43,31175,
4,23-Jan-20,114,673,JU2132,Exposed,1,17,12325,
4,23-Jan-20,114,674,JU2132,Exposed,2,22,15950,
4,23-Jan-20,114,675,JU2132,Exposed,3,17,12325,
4,23-Jan-20,114,676,JU2132,Exposed,4,12,8700,
4,23-Jan-20,114,677,JU2132,Exposed,5,21,15225,
4,23-Jan-20,114,678,JU2132,Exposed,6,17,12325,
4,23-Jan-20,115,679,JU2132,Exposed,1,40,29000,
4,23-Jan-20,115,680,JU2132,Exposed,2,38,27550,
4,23-Jan-20,115,681,JU2132,Exposed,3,42,30450,
4,23-Jan-20,115,682,JU2132,Exposed,4,38,27550,
4,23-Jan-20,115,683,JU2132,Exposed,5,46,33350,
4,23-Jan-20,115,684,JU2132,Exposed,6,43,31175,
4,23-Jan-20,116,685,JU2816,Exposed,1,1,725,
4,23-Jan-20,116,686,JU2816,Exposed,2,0,0,
4,23-Jan-20,116,687,JU2816,Exposed,3,4,2900,
4,23-Jan-20,116,688,JU2816,Exposed,4,3,2175,
4,23-Jan-20,116,689,JU2816,Exposed,5,8,5800,
4,23-Jan-20,116,690,JU2816,Exposed,6,5,3625,
4,23-Jan-20,117,691,JU1249,Exposed,1,18,13050,
4,23-Jan-20,117,692,JU1249,Exposed,2,18,13050,
4,23-Jan-20,117,693,JU1249,Exposed,3,26,18850,
4,23-Jan-20,117,694,JU1249,Exposed,4,26,18850,
4,23-Jan-20,117,695,JU1249,Exposed,5,22,15950,
4,23-Jan-20,117,696,JU1249,Exposed,6,24,17400,
4,23-Jan-20,118,697,JU2816,Control,1,46,33350,
4,23-Jan-20,118,698,JU2816,Control,2,43,31175,
4,23-Jan-20,118,699,JU2816,Control,3,64,46400,
4,23-Jan-20,118,700,JU2816,Control,4,39,28275,
4,23-Jan-20,118,701,JU2816,Control,5,45,32625,
4,23-Jan-20,118,702,JU2816,Control,6,46,33350,
4,23-Jan-20,119,703,JU2132,Exposed,1,40,29000,
4,23-Jan-20,119,704,JU2132,Exposed,2,24,17400,
4,23-Jan-20,119,705,JU2132,Exposed,3,26,18850,
4,23-Jan-20,119,706,JU2132,Exposed,4,27,19575,
4,23-Jan-20,119,707,JU2132,Exposed,5,38,27550,
4,23-Jan-20,119,708,JU2132,Exposed,6,23,16675,
4,23-Jan-20,120,709,CB4856,Exposed,1,20,14500,
4,23-Jan-20,120,710,CB4856,Exposed,2,19,13775,
4,23-Jan-20,120,711,CB4856,Exposed,3,17,12325,
4,23-Jan-20,120,712,CB4856,Exposed,4,12,8700,
4,23-Jan-20,120,713,CB4856,Exposed,5,23,16675,
4,23-Jan-20,120,714,CB4856,Exposed,6,17,12325,
